WorkOrderID,EquipmentID,TechnicianID,Date,ScheduledDate,MaintenanceType,FailureCode,DowntimeHours,LaborHours,PartsCost,LaborCost,TotalCost,DelayMinutes,RestockingDelay,Maintenance Category,Cost Segment
WO00001,CR001,T003,2024-01-02,2023-12-31,Preventive,,6.97,2.67,1405,319.96,1724.96,0,0,Planned,Low
WO00002,DT001,T005,2024-01-03,2023-12-29,Preventive,,3.82,4.49,1041,403.91,1444.91,0,0,Planned,Low
WO00003,DT001,T004,2024-01-04,2024-01-03,Preventive,,5.31,2.86,1202,185.9,1387.9,134,1,Planned,Low
WO00004,WL001,T003,2024-01-06,,Breakdown,HYDR03,29.41,19.31,12598,2316.69,14914.69,0,0,Unplanned,High
WO00005,CV001,T003,2024-01-07,,Breakdown,ELEC02,19.09,11.34,6445,1361.3,7806.3,228,1,Unplanned,Medium
WO00006,CR001,T004,2024-01-08,2024-01-07,Preventive,,4.82,2.42,1426,157.5,1583.5,0,0,Planned,Low
WO00007,CR001,T005,2024-01-10,,Breakdown,ELEC02,24.83,19.42,13380,1747.36,15127.36,0,0,Unplanned,High
WO00008,EX001,T001,2024-01-12,2024-01-08,Preventive,,5.5,2.73,1092,232.02,1324.02,0,0,Planned,Low
WO00009,EX001,T005,2024-01-13,2024-01-11,Preventive,,5.36,2.12,899,190.5,1089.5,0,0,Planned,Low
WO00010,CV001,T001,2024-01-14,2024-01-13,Preventive,,4.17,2.28,695,193.64,888.64,0,0,Planned,Low
WO00011,CR001,T005,2024-01-15,,Breakdown,HYDR03,13.03,15.03,13994,1353.09,15347.09,32,0,Unplanned,High
WO00012,CV001,T003,2024-01-19,2024-01-15,Preventive,,6.81,2.2,770,263.69,1033.69,0,0,Planned,Low
WO00013,EX001,T003,2024-01-22,2024-01-20,Preventive,,2.9,2.27,1102,272.43,1374.43,0,0,Planned,Low
WO00014,CR001,T002,2024-01-23,,Breakdown,TIRE05,31.46,18.05,8541,812.42,9353.42,64,1,Unplanned,Medium
WO00015,DT001,T004,2024-01-25,,Breakdown,MECH01,22.56,12.45,20041,809.25,20850.25,224,1,Unplanned,High
WO00016,DR001,T004,2024-01-26,,Breakdown,HYDR03,34.69,5.25,23897,341.09,24238.09,0,0,Unplanned,High
WO00017,CV001,T004,2024-01-28,,Breakdown,ELEC02,33.02,7.49,9290,486.59,9776.59,0,0,Unplanned,Medium
WO00018,DR001,T001,2024-01-29,,Breakdown,ELEC02,12.07,6.58,22097,558.91,22655.91,0,0,Unplanned,High
WO00019,WL001,T005,2024-01-31,,Breakdown,OPER04,32.72,18.14,7705,1632.73,9337.73,0,0,Unplanned,Medium
WO00020,EX001,T003,2024-02-01,2024-01-31,Preventive,,7.89,5.24,1104,628.8,1732.8,0,0,Planned,Low
WO00021,CR001,T004,2024-02-02,2024-01-29,Preventive,,6.39,5.07,1122,329.79,1451.79,0,0,Planned,Low
WO00022,WL001,T001,2024-02-03,2024-02-01,Preventive,,6.41,5.0,1154,424.92,1578.92,0,0,Planned,Low
WO00023,CR001,T004,2024-02-04,2024-01-28,Preventive,,3.66,5.89,604,382.72,986.72,0,0,Planned,Low
WO00024,CR001,T004,2024-02-06,,Breakdown,MECH01,45.3,10.16,17931,660.51,18591.51,0,0,Unplanned,High
WO00025,DR001,T002,2024-02-07,,Breakdown,HYDR03,15.37,9.99,16470,449.55,16919.55,0,0,Unplanned,High
WO00026,CV001,T001,2024-02-08,2024-02-03,Preventive,,2.41,5.34,1124,454.03,1578.03,224,1,Planned,Low
WO00027,DT001,T002,2024-02-09,,Breakdown,TIRE05,35.35,8.73,20954,392.79,21346.79,225,1,Unplanned,High
WO00028,DT001,T005,2024-02-10,,Breakdown,OPER04,33.71,11.54,12326,1038.51,13364.51,0,0,Unplanned,High
WO00029,CV001,T004,2024-02-11,,Breakdown,MECH01,19.64,19.16,24835,1245.21,26080.21,159,1,Unplanned,High
WO00030,EX001,T003,2024-02-14,2024-02-12,Preventive,,4.61,2.39,1457,287.21,1744.21,196,1,Planned,Low
WO00031,DR001,T004,2024-02-22,,Breakdown,HYDR03,40.85,6.57,5013,426.97,5439.97,0,0,Unplanned,Medium
WO00032,DT001,T001,2024-02-24,2024-02-20,Preventive,,6.63,3.53,1440,300.47,1740.47,0,0,Planned,Low
WO00033,DR001,T001,2024-02-27,,Breakdown,ELEC02,6.34,5.5,24483,467.91,24950.91,0,0,Unplanned,High
WO00034,WL001,T003,2024-02-28,2024-02-24,Preventive,,7.84,2.69,536,322.63,858.63,220,1,Planned,Low
WO00035,DR001,T005,2024-02-29,,Breakdown,ELEC02,21.26,5.14,22459,462.59,22921.59,0,0,Unplanned,High
WO00036,DR001,T004,2024-03-01,2024-02-29,Preventive,,7.54,3.19,531,207.11,738.11,0,0,Planned,Low
WO00037,EX001,T002,2024-03-03,,Breakdown,OPER04,19.42,4.87,18236,219.07,18455.07,0,0,Unplanned,High
WO00038,EX001,T005,2024-03-04,2024-02-26,Preventive,,5.98,2.38,1682,214.4,1896.4,0,0,Planned,Low
WO00039,DT001,T005,2024-03-05,,Breakdown,ELEC02,46.78,10.24,14235,921.36,15156.36,0,0,Unplanned,High
WO00040,WL001,T004,2024-03-06,2024-03-02,Preventive,,7.01,5.26,1268,341.72,1609.72,0,0,Planned,Low
WO00041,CR001,T005,2024-03-08,2024-03-02,Preventive,,5.74,3.04,1898,274.0,2172.0,0,0,Planned,Medium
WO00042,DR001,T003,2024-03-11,,Breakdown,MECH01,11.13,17.1,9204,2051.78,11255.78,0,0,Unplanned,High
WO00043,DR001,T003,2024-03-12,,Breakdown,ELEC02,47.11,18.36,9671,2203.45,11874.45,0,0,Unplanned,High
WO00044,WL001,T003,2024-03-13,2024-03-07,Preventive,,3.69,5.18,1950,621.73,2571.73,0,0,Planned,Medium
WO00045,DT001,T002,2024-03-14,2024-03-08,Preventive,,4.28,3.92,1790,176.22,1966.22,0,0,Planned,Low
WO00046,EX001,T003,2024-03-15,,Breakdown,ELEC02,45.43,12.45,5435,1494.36,6929.36,0,0,Unplanned,Medium
WO00047,EX001,T004,2024-03-16,,Breakdown,MECH01,34.99,18.52,9072,1203.66,10275.66,157,1,Unplanned,High
WO00048,WL001,T004,2024-03-17,2024-03-10,Preventive,,4.92,2.7,527,175.53,702.53,0,0,Planned,Low
WO00049,CV001,T005,2024-03-19,2024-03-18,Preventive,,3.29,3.94,1626,354.25,1980.25,120,1,Planned,Low
WO00050,DR001,T002,2024-03-22,,Breakdown,ELEC02,11.44,5.39,10607,242.57,10849.57,0,0,Unplanned,High
WO00051,WL001,T002,2024-03-24,,Breakdown,OPER04,10.95,19.81,21602,891.47,22493.47,0,0,Unplanned,High
WO00052,CR001,T004,2024-03-26,2024-03-22,Preventive,,5.08,2.59,1447,168.48,1615.48,0,0,Planned,Low
WO00053,EX001,T005,2024-03-27,,Breakdown,OPER04,15.72,7.39,11872,665.08,12537.08,0,0,Unplanned,High
WO00054,CV001,T004,2024-03-28,2024-03-22,Preventive,,6.22,5.44,1516,353.29,1869.29,172,1,Planned,Low
WO00055,DT001,T003,2024-04-01,2024-03-30,Preventive,,5.66,2.53,1074,303.54,1377.54,0,0,Planned,Low
WO00056,CR001,T004,2024-04-04,2024-04-03,Preventive,,7.33,3.7,1636,240.6,1876.6,0,0,Planned,Low
WO00057,CV001,T003,2024-04-05,2024-04-02,Preventive,,4.81,4.34,1697,520.67,2217.67,0,0,Planned,Medium
WO00058,EX001,T002,2024-04-07,,Breakdown,ELEC02,25.51,7.44,20021,334.77,20355.77,0,0,Unplanned,High
WO00059,CR001,T005,2024-04-08,2024-04-03,Preventive,,7.49,3.6,641,324.31,965.31,0,0,Planned,Low
WO00060,WL001,T003,2024-04-09,,Breakdown,ELEC02,13.95,14.42,8754,1730.73,10484.73,0,0,Unplanned,High
WO00061,DR001,T004,2024-04-11,2024-04-09,Preventive,,4.94,2.22,1854,144.05,1998.05,0,0,Planned,Low
WO00062,CR001,T001,2024-04-13,2024-04-08,Preventive,,2.92,4.92,1659,417.81,2076.81,0,0,Planned,Medium
WO00063,DR001,T002,2024-04-16,2024-04-11,Preventive,,2.81,2.89,1480,130.08,1610.08,0,0,Planned,Low
WO00064,CR001,T004,2024-04-18,2024-04-14,Preventive,,5.53,2.6,616,169.02,785.02,44,0,Planned,Low
WO00065,WL001,T002,2024-04-21,2024-04-20,Preventive,,7.87,2.55,1426,114.58,1540.58,222,1,Planned,Low
WO00066,CR001,T005,2024-04-22,2024-04-18,Preventive,,6.89,4.07,1936,366.27,2302.27,0,0,Planned,Medium
WO00067,CR001,T004,2024-04-24,,Breakdown,HYDR03,29.6,5.95,15038,386.62,15424.62,0,0,Unplanned,High
WO00068,DR001,T002,2024-04-29,2024-04-23,Preventive,,2.63,2.75,1813,123.97,1936.97,0,0,Planned,Low
WO00069,DT001,T004,2024-05-02,,Breakdown,TIRE05,34.31,7.4,8316,481.14,8797.14,0,0,Unplanned,Medium
WO00070,CR001,T004,2024-05-03,2024-04-30,Preventive,,3.38,4.49,929,291.7,1220.7,0,0,Planned,Low
WO00071,WL001,T003,2024-05-05,2024-04-28,Preventive,,3.29,2.01,822,241.12,1063.12,72,1,Planned,Low
WO00072,DR001,T003,2024-05-06,,Breakdown,MECH01,27.54,16.11,12294,1933.03,14227.03,101,1,Unplanned,High
WO00073,CR001,T001,2024-05-07,2024-05-01,Preventive,,5.07,5.19,1867,441.44,2308.44,53,0,Planned,Medium
WO00074,EX001,T002,2024-05-10,,Breakdown,TIRE05,44.42,6.43,12062,289.41,12351.41,0,0,Unplanned,High
WO00075,CR001,T004,2024-05-13,2024-05-10,Preventive,,6.09,4.97,1867,322.81,2189.81,41,0,Planned,Medium
WO00076,EX001,T004,2024-05-14,2024-05-11,Preventive,,4.96,2.31,1793,150.45,1943.45,0,0,Planned,Low
WO00077,DT001,T003,2024-05-18,2024-05-15,Preventive,,6.88,2.69,1260,322.54,1582.54,61,1,Planned,Low
WO00078,EX001,T005,2024-05-19,2024-05-15,Preventive,,7.82,4.73,1418,425.29,1843.29,0,0,Planned,Low
WO00079,DR001,T005,2024-05-20,2024-05-15,Preventive,,5.59,2.81,1156,253.22,1409.22,0,0,Planned,Low
WO00080,WL001,T001,2024-05-21,,Breakdown,HYDR03,6.69,10.82,17273,919.85,18192.85,0,0,Unplanned,High
WO00081,CR001,T001,2024-05-22,2024-05-21,Preventive,,3.83,3.49,640,296.74,936.74,0,0,Planned,Low
WO00082,EX001,T001,2024-05-23,2024-05-20,Preventive,,6.59,4.85,727,412.29,1139.29,0,0,Planned,Low
WO00083,WL001,T005,2024-05-24,2024-05-22,Preventive,,6.24,4.94,708,444.22,1152.22,0,0,Planned,Low
WO00084,CV001,T005,2024-05-25,2024-05-20,Preventive,,4.24,3.06,1905,275.15,2180.15,0,0,Planned,Medium
WO00085,CV001,T005,2024-05-26,2024-05-19,Preventive,,7.31,3.92,1615,352.97,1967.97,0,0,Planned,Low
WO00086,WL001,T004,2024-05-28,,Breakdown,ELEC02,33.18,13.92,8863,905.02,9768.02,0,0,Unplanned,Medium
WO00087,CV001,T004,2024-05-30,2024-05-23,Preventive,,5.77,5.92,864,384.72,1248.72,142,1,Planned,Low
WO00088,DR001,T005,2024-06-03,2024-06-01,Preventive,,4.55,4.71,1871,423.57,2294.57,220,1,Planned,Medium
WO00089,WL001,T002,2024-06-05,,Breakdown,OPER04,25.34,9.61,14824,432.3,15256.3,0,0,Unplanned,High
WO00090,DT001,T001,2024-06-06,,Breakdown,HYDR03,13.04,15.74,13153,1337.82,14490.82,0,0,Unplanned,High
WO00091,EX001,T001,2024-06-07,2024-06-05,Preventive,,3.27,5.79,1078,492.54,1570.54,0,0,Planned,Low
WO00092,EX001,T002,2024-06-08,,Breakdown,OPER04,23.03,19.49,19745,876.97,20621.97,116,1,Unplanned,High
WO00093,DR001,T002,2024-06-11,2024-06-04,Preventive,,5.68,3.72,650,167.39,817.39,63,1,Planned,Low
WO00094,CV001,T002,2024-06-17,2024-06-11,Preventive,,6.25,3.53,1953,158.79,2111.79,0,0,Planned,Medium
WO00095,DT001,T005,2024-06-18,2024-06-17,Preventive,,5.62,5.12,1337,460.76,1797.76,0,0,Planned,Low
WO00096,CR001,T003,2024-06-21,,Breakdown,MECH01,10.74,16.09,22519,1931.28,24450.28,0,0,Unplanned,High
WO00097,DT001,T002,2024-06-27,2024-06-21,Preventive,,4.12,2.66,1523,119.67,1642.67,0,0,Planned,Low
WO00098,CV001,T003,2024-06-30,2024-06-23,Preventive,,7.91,3.63,1168,435.0,1603.0,0,0,Planned,Low
WO00099,DR001,T003,2024-07-01,2024-06-29,Preventive,,6.25,3.65,1408,438.07,1846.07,168,1,Planned,Low
WO00100,CV001,T001,2024-07-02,,Breakdown,ELEC02,35.43,17.26,14154,1466.79,15620.79,0,0,Unplanned,High
WO00101,CR001,T001,2024-07-04,2024-06-27,Preventive,,5.82,3.09,1090,262.33,1352.33,0,0,Planned,Low
WO00102,CR001,T003,2024-07-06,2024-07-04,Preventive,,4.5,5.69,1683,682.9,2365.9,73,1,Planned,Medium
WO00103,WL001,T001,2024-07-09,2024-07-08,Preventive,,2.24,3.79,1683,322.26,2005.26,0,0,Planned,Medium
WO00104,DR001,T001,2024-07-11,,Breakdown,OPER04,46.34,9.21,21449,782.71,22231.71,0,0,Unplanned,High
WO00105,DR001,T004,2024-07-12,2024-07-10,Preventive,,3.93,3.8,1099,247.11,1346.11,0,0,Planned,Low
WO00106,EX001,T003,2024-07-16,,Breakdown,OPER04,35.19,14.98,18260,1798.09,20058.09,0,0,Unplanned,High
WO00107,CR001,T001,2024-07-20,,Breakdown,ELEC02,29.67,15.09,18309,1282.48,19591.48,226,1,Unplanned,High
WO00108,WL001,T001,2024-07-23,2024-07-17,Preventive,,6.21,4.78,1147,406.64,1553.64,0,0,Planned,Low
WO00109,DT001,T002,2024-07-24,,Breakdown,OPER04,26.83,4.97,20968,223.5,21191.5,125,1,Unplanned,High
WO00110,EX001,T005,2024-07-25,,Breakdown,MECH01,34.07,19.53,16153,1757.4,17910.4,0,0,Unplanned,High
WO00111,CR001,T004,2024-07-28,2024-07-23,Preventive,,5.0,2.85,636,185.15,821.15,0,0,Planned,Low
WO00112,CV001,T004,2024-07-31,2024-07-29,Preventive,,4.25,5.99,1028,389.47,1417.47,0,0,Planned,Low
WO00113,CV001,T003,2024-08-02,2024-07-30,Preventive,,2.11,3.56,1537,427.69,1964.69,0,0,Planned,Low
WO00114,DR001,T001,2024-08-03,,Breakdown,TIRE05,7.52,10.26,5531,872.5,6403.5,0,0,Unplanned,Medium
WO00115,DT001,T002,2024-08-04,,Breakdown,TIRE05,24.13,4.83,9700,217.32,9917.32,0,0,Unplanned,Medium
WO00116,DR001,T001,2024-08-05,2024-08-02,Preventive,,6.49,5.62,1935,477.85,2412.85,0,0,Planned,Medium
WO00117,EX001,T001,2024-08-08,,Breakdown,OPER04,45.56,8.54,6553,726.13,7279.13,0,0,Unplanned,Medium
WO00118,CR001,T004,2024-08-11,2024-08-09,Preventive,,3.41,4.42,1132,287.33,1419.33,0,0,Planned,Low
WO00119,EX001,T001,2024-08-12,2024-08-11,Preventive,,6.14,5.21,1707,442.94,2149.94,0,0,Planned,Medium
WO00120,DT001,T001,2024-08-15,,Breakdown,MECH01,18.66,18.41,5616,1564.98,7180.98,0,0,Unplanned,Medium
WO00121,EX001,T003,2024-08-17,,Breakdown,HYDR03,26.63,14.72,8607,1765.84,10372.84,235,1,Unplanned,High
WO00122,CV001,T005,2024-08-18,2024-08-16,Preventive,,4.3,3.82,1201,343.47,1544.47,95,1,Planned,Low
WO00123,DT001,T001,2024-08-19,2024-08-18,Preventive,,6.55,5.76,1948,489.82,2437.82,0,0,Planned,Medium
WO00124,WL001,T002,2024-08-21,,Breakdown,MECH01,10.0,8.33,23207,374.67,23581.67,0,0,Unplanned,High
WO00125,EX001,T002,2024-08-22,,Breakdown,OPER04,23.94,14.14,11305,636.27,11941.27,189,1,Unplanned,High
WO00126,DT001,T003,2024-08-25,,Breakdown,ELEC02,47.23,7.34,5402,880.58,6282.58,0,0,Unplanned,Medium
WO00127,CV001,T004,2024-08-26,,Breakdown,HYDR03,19.13,17.51,9183,1138.39,10321.39,0,0,Unplanned,High
WO00128,DT001,T004,2024-09-01,2024-08-25,Preventive,,6.93,4.44,586,288.59,874.59,235,1,Planned,Low
WO00129,DR001,T004,2024-09-04,2024-08-28,Preventive,,6.38,2.19,1734,142.59,1876.59,0,0,Planned,Low
WO00130,DT001,T005,2024-09-05,2024-09-04,Preventive,,4.48,3.5,1573,314.72,1887.72,0,0,Planned,Low
WO00131,WL001,T003,2024-09-06,,Breakdown,HYDR03,44.74,6.66,6210,799.13,7009.13,0,0,Unplanned,Medium
WO00132,CV001,T004,2024-09-07,2024-09-01,Preventive,,5.76,3.06,1557,199.18,1756.18,0,0,Planned,Low
WO00133,DR001,T001,2024-09-11,2024-09-09,Preventive,,3.4,2.55,1041,216.97,1257.97,0,0,Planned,Low
WO00134,EX001,T001,2024-09-13,2024-09-06,Preventive,,7.42,5.34,864,454.14,1318.14,0,0,Planned,Low
WO00135,EX001,T005,2024-09-15,2024-09-12,Preventive,,7.38,5.54,1733,498.27,2231.27,0,0,Planned,Medium
WO00136,DT001,T001,2024-09-18,2024-09-15,Preventive,,2.82,5.05,976,429.16,1405.16,0,0,Planned,Low
WO00137,CV001,T003,2024-09-24,,Breakdown,HYDR03,38.15,9.47,21166,1136.74,22302.74,49,0,Unplanned,High
WO00138,DR001,T002,2024-09-25,,Breakdown,ELEC02,40.99,5.21,12870,234.29,13104.29,0,0,Unplanned,High
WO00139,EX001,T002,2024-09-27,2024-09-23,Preventive,,3.46,2.3,1673,103.72,1776.72,0,0,Planned,Low
WO00140,WL001,T002,2024-09-28,2024-09-27,Preventive,,5.18,4.4,1039,197.96,1236.96,0,0,Planned,Low
WO00141,DR001,T005,2024-10-02,,Breakdown,ELEC02,13.04,10.76,10943,968.48,11911.48,0,0,Unplanned,High
WO00142,EX001,T003,2024-10-04,2024-10-02,Preventive,,7.46,2.19,1571,262.67,1833.67,0,0,Planned,Low
WO00143,DT001,T002,2024-10-07,2024-10-03,Preventive,,4.0,4.13,1905,185.77,2090.77,0,0,Planned,Medium
WO00144,DR001,T005,2024-10-11,2024-10-05,Preventive,,3.95,4.48,1793,402.87,2195.87,0,0,Planned,Medium
WO00145,EX001,T004,2024-10-12,2024-10-05,Preventive,,6.6,5.4,1608,350.79,1958.79,0,0,Planned,Low
WO00146,CV001,T003,2024-10-13,2024-10-11,Preventive,,7.95,4.41,1149,529.63,1678.63,48,0,Planned,Low
WO00147,CV001,T005,2024-10-14,2024-10-12,Preventive,,4.66,4.11,1178,369.69,1547.69,0,0,Planned,Low
WO00148,CR001,T001,2024-10-15,2024-10-12,Preventive,,7.37,4.63,1418,393.18,1811.18,0,0,Planned,Low
WO00149,CR001,T003,2024-10-17,,Breakdown,TIRE05,42.09,13.03,11680,1563.16,13243.16,0,0,Unplanned,High
WO00150,WL001,T002,2024-10-19,,Breakdown,MECH01,12.64,12.77,12069,574.44,12643.44,86,1,Unplanned,High
WO00151,WL001,T001,2024-10-21,2024-10-19,Preventive,,2.56,5.06,621,430.06,1051.06,0,0,Planned,Low
WO00152,DR001,T002,2024-10-23,2024-10-18,Preventive,,6.62,3.39,1451,152.33,1603.33,0,0,Planned,Low
WO00153,WL001,T003,2024-10-26,,Breakdown,TIRE05,31.93,15.68,16424,1881.7,18305.7,0,0,Unplanned,High
WO00154,CV001,T005,2024-10-28,2024-10-25,Preventive,,4.52,2.41,1547,216.91,1763.91,0,0,Planned,Low
WO00155,WL001,T004,2024-10-30,2024-10-25,Preventive,,3.89,5.44,1587,353.62,1940.62,0,0,Planned,Low
WO00156,DT001,T004,2024-11-01,2024-10-27,Preventive,,3.64,3.46,1744,224.85,1968.85,0,0,Planned,Low
WO00157,CV001,T003,2024-11-04,,Breakdown,MECH01,16.18,16.62,19380,1994.77,21374.77,210,1,Unplanned,High
WO00158,CV001,T003,2024-11-05,,Breakdown,MECH01,16.45,5.59,21951,670.99,22621.99,0,0,Unplanned,High
WO00159,CR001,T003,2024-11-09,,Breakdown,MECH01,33.1,17.56,17191,2107.28,19298.28,0,0,Unplanned,High
WO00160,EX001,T004,2024-11-11,2024-11-09,Preventive,,6.11,3.4,1011,221.11,1232.11,0,0,Planned,Low
WO00161,CV001,T001,2024-11-15,,Breakdown,HYDR03,35.27,12.36,12100,1050.68,13150.68,0,0,Unplanned,High
WO00162,DR001,T001,2024-11-20,2024-11-13,Preventive,,7.65,3.81,1389,323.6,1712.6,0,0,Planned,Low
WO00163,CR001,T005,2024-11-21,2024-11-15,Preventive,,5.5,5.62,1730,506.13,2236.13,0,0,Planned,Medium
WO00164,WL001,T004,2024-11-22,,Breakdown,HYDR03,30.53,6.13,8695,398.46,9093.46,0,0,Unplanned,Medium
WO00165,DT001,T005,2024-11-24,,Breakdown,OPER04,6.61,15.51,6217,1395.64,7612.64,0,0,Unplanned,Medium
WO00166,CR001,T004,2024-11-27,2024-11-26,Preventive,,2.28,4.98,1824,323.93,2147.93,161,1,Planned,Medium
WO00167,DT001,T002,2024-11-29,2024-11-22,Preventive,,4.61,4.18,1331,188.32,1519.32,211,1,Planned,Low
WO00168,WL001,T001,2024-12-02,,Breakdown,OPER04,4.19,13.86,7732,1178.27,8910.27,0,0,Unplanned,Medium
WO00169,CV001,T005,2024-12-04,2024-11-28,Preventive,,7.29,3.02,1614,271.97,1885.97,169,1,Planned,Low
WO00170,DT001,T005,2024-12-06,2024-12-01,Preventive,,5.14,2.18,733,196.15,929.15,71,1,Planned,Low
WO00171,EX001,T001,2024-12-09,,Breakdown,TIRE05,46.54,15.87,23773,1348.8,25121.8,0,0,Unplanned,High
WO00172,EX001,T003,2024-12-10,2024-12-06,Preventive,,2.93,4.77,1946,572.97,2518.97,201,1,Planned,Medium
WO00173,CV001,T005,2024-12-12,,Breakdown,HYDR03,30.32,11.04,23728,993.89,24721.89,0,0,Unplanned,High
WO00174,DR001,T001,2024-12-13,2024-12-10,Preventive,,2.56,3.2,775,271.86,1046.86,0,0,Planned,Low
WO00175,CR001,T001,2024-12-20,,Breakdown,TIRE05,19.67,11.12,21967,945.11,22912.11,0,0,Unplanned,High
WO00176,DT001,T003,2024-12-22,,Breakdown,TIRE05,13.15,19.1,19785,2292.02,22077.02,0,0,Unplanned,High
WO00177,DR001,T001,2024-12-23,2024-12-20,Preventive,,7.82,4.66,1539,396.5,1935.5,0,0,Planned,Low
WO00178,DT001,T002,2024-12-24,2024-12-20,Preventive,,7.13,5.63,946,253.32,1199.32,0,0,Planned,Low
WO00179,EX001,T004,2024-12-25,2024-12-18,Preventive,,6.09,4.71,1261,306.42,1567.42,159,1,Planned,Low
WO00180,CV001,T002,2024-12-27,2024-12-21,Preventive,,3.05,2.21,1204,99.56,1303.56,0,0,Planned,Low
WO00181,CR001,T003,2024-12-28,,Breakdown,ELEC02,29.39,7.64,11760,916.71,12676.71,195,1,Unplanned,High
WO00182,DR001,T002,2025-01-02,2024-12-28,Preventive,,6.67,2.21,1306,99.3,1405.3,0,0,Planned,Low
WO00183,CR001,T004,2025-01-04,2024-12-29,Preventive,,7.18,5.24,933,340.69,1273.69,0,0,Planned,Low
WO00184,DR001,T001,2025-01-05,2024-12-31,Preventive,,3.09,4.83,1111,410.43,1521.43,0,0,Planned,Low
WO00185,DT001,T003,2025-01-07,2025-01-05,Preventive,,7.07,3.86,739,463.29,1202.29,213,1,Planned,Low
WO00186,CR001,T005,2025-01-08,2025-01-07,Preventive,,4.41,3.49,803,314.5,1117.5,125,1,Planned,Low
WO00187,CR001,T002,2025-01-12,2025-01-05,Preventive,,5.82,3.73,1737,167.64,1904.64,0,0,Planned,Low
WO00188,WL001,T004,2025-01-18,2025-01-12,Preventive,,6.87,5.68,1985,369.19,2354.19,0,0,Planned,Medium
WO00189,EX001,T001,2025-01-21,2025-01-17,Preventive,,7.85,3.13,1005,266.05,1271.05,0,0,Planned,Low
WO00190,CV001,T001,2025-01-24,2025-01-22,Preventive,,6.51,3.72,1529,316.6,1845.6,0,0,Planned,Low
WO00191,EX001,T002,2025-01-25,,Breakdown,TIRE05,9.09,12.85,17600,578.22,18178.22,0,0,Unplanned,High
WO00192,DR001,T005,2025-01-31,2025-01-24,Preventive,,7.03,5.51,1583,495.73,2078.73,0,0,Planned,Medium
WO00193,WL001,T004,2025-02-01,2025-01-27,Preventive,,5.08,4.74,1917,307.88,2224.88,0,0,Planned,Medium
WO00194,DT001,T001,2025-02-04,2025-02-02,Preventive,,5.52,4.74,1554,402.92,1956.92,0,0,Planned,Low
WO00195,DT001,T002,2025-02-05,,Breakdown,TIRE05,41.57,18.25,11049,821.1,11870.1,56,0,Unplanned,High
WO00196,WL001,T001,2025-02-06,2025-02-01,Preventive,,2.57,4.51,1723,383.38,2106.38,80,1,Planned,Medium
WO00197,DT001,T003,2025-02-08,,Breakdown,HYDR03,24.39,19.29,5119,2314.47,7433.47,0,0,Unplanned,Medium
WO00198,CR001,T004,2025-02-11,,Breakdown,OPER04,11.62,13.85,22946,900.41,23846.41,0,0,Unplanned,High
WO00199,DT001,T001,2025-02-14,2025-02-09,Preventive,,6.86,3.95,899,336.06,1235.06,0,0,Planned,Low
WO00200,DR001,T003,2025-02-19,2025-02-16,Preventive,,7.99,3.96,786,475.59,1261.59,0,0,Planned,Low
WO00201,DR001,T002,2025-02-20,2025-02-15,Preventive,,5.69,3.23,1493,145.2,1638.2,0,0,Planned,Low
WO00202,WL001,T005,2025-02-25,2025-02-23,Preventive,,5.55,2.3,1934,206.96,2140.96,0,0,Planned,Medium
WO00203,DT001,T003,2025-02-28,2025-02-26,Preventive,,2.99,2.16,1791,259.66,2050.66,159,1,Planned,Medium
WO00204,DT001,T001,2025-03-01,2025-02-26,Preventive,,4.89,2.29,591,194.51,785.51,0,0,Planned,Low
WO00205,CR001,T003,2025-03-04,2025-02-27,Preventive,,3.61,2.56,1498,307.35,1805.35,0,0,Planned,Low
WO00206,DR001,T005,2025-03-06,2025-03-04,Preventive,,4.4,2.76,1875,248.01,2123.01,77,1,Planned,Medium
WO00207,DR001,T001,2025-03-08,,Breakdown,TIRE05,28.23,11.73,15419,997.07,16416.07,0,0,Unplanned,High
WO00208,DT001,T005,2025-03-09,2025-03-07,Preventive,,6.76,5.51,697,495.46,1192.46,0,0,Planned,Low
WO00209,DR001,T004,2025-03-10,2025-03-04,Preventive,,5.4,3.65,669,237.53,906.53,163,1,Planned,Low
WO00210,DT001,T001,2025-03-11,2025-03-05,Preventive,,4.57,5.06,517,430.11,947.11,0,0,Planned,Low
WO00211,DR001,T004,2025-03-13,2025-03-10,Preventive,,3.41,3.91,963,254.39,1217.39,0,0,Planned,Low
WO00212,EX001,T001,2025-03-15,,Breakdown,HYDR03,31.81,12.62,19919,1072.83,20991.83,0,0,Unplanned,High
WO00213,EX001,T001,2025-03-16,,Breakdown,OPER04,8.39,5.18,17410,440.44,17850.44,0,0,Unplanned,High
WO00214,DR001,T003,2025-03-20,2025-03-16,Preventive,,5.15,5.85,650,702.54,1352.54,0,0,Planned,Low
WO00215,CR001,T004,2025-03-21,,Breakdown,TIRE05,10.94,14.83,23271,963.87,24234.87,179,1,Unplanned,High
WO00216,CV001,T004,2025-03-27,2025-03-24,Preventive,,4.17,3.92,1750,254.74,2004.74,163,1,Planned,Medium
WO00217,WL001,T001,2025-04-02,2025-03-28,Preventive,,2.03,5.92,1871,503.22,2374.22,0,0,Planned,Medium
WO00218,EX001,T001,2025-04-04,2025-04-03,Preventive,,7.62,2.56,1414,217.63,1631.63,0,0,Planned,Low
WO00219,EX001,T003,2025-04-05,2025-04-03,Preventive,,2.51,3.15,847,377.41,1224.41,0,0,Planned,Low
WO00220,DR001,T005,2025-04-06,,Breakdown,HYDR03,40.5,18.32,18145,1648.95,19793.95,0,0,Unplanned,High
WO00221,DR001,T002,2025-04-07,,Breakdown,TIRE05,36.66,7.73,14229,347.7,14576.7,0,0,Unplanned,High
WO00222,CV001,T005,2025-04-08,,Breakdown,MECH01,47.92,9.36,16006,842.57,16848.57,133,1,Unplanned,High
WO00223,WL001,T003,2025-04-15,2025-04-12,Preventive,,6.82,5.79,1410,694.84,2104.84,0,0,Planned,Medium
WO00224,DT001,T005,2025-04-16,,Breakdown,MECH01,11.42,8.7,16389,783.06,17172.06,0,0,Unplanned,High
WO00225,DR001,T003,2025-04-18,2025-04-15,Preventive,,3.1,5.94,919,712.86,1631.86,0,0,Planned,Low
WO00226,DT001,T001,2025-04-20,2025-04-17,Preventive,,5.63,4.28,1731,363.81,2094.81,116,1,Planned,Medium
WO00227,CV001,T002,2025-04-22,,Breakdown,HYDR03,23.73,10.95,7414,492.83,7906.83,123,1,Unplanned,Medium
WO00228,CV001,T001,2025-04-26,2025-04-19,Preventive,,7.32,2.6,1322,220.7,1542.7,74,1,Planned,Low
WO00229,WL001,T002,2025-04-30,,Breakdown,ELEC02,14.94,18.9,20531,850.3,21381.3,0,0,Unplanned,High
WO00230,CR001,T004,2025-05-01,2025-04-29,Preventive,,3.27,5.15,1435,334.7,1769.7,0,0,Planned,Low
WO00231,EX001,T001,2025-05-03,,Breakdown,ELEC02,35.4,17.82,24879,1514.72,26393.72,0,0,Unplanned,High
WO00232,DT001,T001,2025-05-04,,Breakdown,MECH01,30.97,10.78,10684,916.57,11600.57,0,0,Unplanned,High
WO00233,CV001,T003,2025-05-06,,Breakdown,ELEC02,18.15,16.21,12697,1944.77,14641.77,202,1,Unplanned,High
WO00234,CR001,T002,2025-05-08,2025-05-02,Preventive,,2.93,5.52,1973,248.24,2221.24,174,1,Planned,Medium
WO00235,CR001,T002,2025-05-09,,Breakdown,ELEC02,38.93,5.48,9306,246.61,9552.61,0,0,Unplanned,Medium
WO00236,CR001,T005,2025-05-10,2025-05-06,Preventive,,3.53,5.57,614,501.63,1115.63,0,0,Planned,Low
WO00237,CR001,T002,2025-05-11,2025-05-09,Preventive,,4.01,5.59,1654,251.74,1905.74,0,0,Planned,Low
WO00238,CV001,T005,2025-05-13,2025-05-10,Preventive,,6.6,3.92,502,352.96,854.96,158,1,Planned,Low
WO00239,DT001,T002,2025-05-14,2025-05-13,Preventive,,7.14,4.38,1095,196.88,1291.88,0,0,Planned,Low
WO00240,CV001,T003,2025-05-15,2025-05-08,Preventive,,2.6,2.06,1856,246.78,2102.78,0,0,Planned,Medium
WO00241,EX001,T003,2025-05-17,,Breakdown,ELEC02,6.52,6.35,7905,761.55,8666.55,0,0,Unplanned,Medium
WO00242,DR001,T004,2025-05-18,,Breakdown,ELEC02,40.04,15.82,7863,1028.1,8891.1,0,0,Unplanned,Medium
WO00243,CR001,T003,2025-05-19,,Breakdown,MECH01,25.54,12.39,8434,1486.58,9920.58,0,0,Unplanned,Medium
WO00244,CV001,T004,2025-05-22,,Breakdown,ELEC02,9.51,18.25,22565,1186.42,23751.42,198,1,Unplanned,High
WO00245,DT001,T003,2025-05-25,,Breakdown,HYDR03,32.09,9.45,8490,1133.75,9623.75,69,1,Unplanned,Medium
WO00246,DR001,T003,2025-05-26,,Breakdown,TIRE05,14.84,8.22,11357,986.47,12343.47,0,0,Unplanned,High
WO00247,DT001,T003,2025-05-27,2025-05-22,Preventive,,2.48,5.78,506,693.63,1199.63,0,0,Planned,Low
WO00248,CV001,T005,2025-05-28,,Breakdown,HYDR03,17.1,4.95,7402,445.08,7847.08,0,0,Unplanned,Medium
WO00249,DT001,T004,2025-05-29,2025-05-28,Preventive,,3.0,2.8,1637,182.28,1819.28,0,0,Planned,Low
WO00250,CR001,T005,2025-06-02,2025-05-30,Preventive,,5.67,5.19,1906,466.94,2372.94,0,0,Planned,Medium
WO00251,CR001,T003,2025-06-05,,Breakdown,ELEC02,4.67,9.88,20463,1185.37,21648.37,0,0,Unplanned,High
WO00252,DR001,T005,2025-06-06,2025-06-01,Preventive,,6.11,5.96,1600,536.23,2136.23,0,0,Planned,Medium
WO00253,WL001,T005,2025-06-07,,Breakdown,TIRE05,46.8,15.37,7404,1383.55,8787.55,186,1,Unplanned,Medium
WO00254,EX001,T002,2025-06-08,,Breakdown,HYDR03,4.74,19.29,17043,868.01,17911.01,150,1,Unplanned,High
WO00255,EX001,T002,2025-06-09,2025-06-06,Preventive,,7.76,2.57,1691,115.87,1806.87,0,0,Planned,Low
WO00256,CV001,T002,2025-06-10,2025-06-06,Preventive,,6.24,2.4,1041,107.79,1148.79,0,0,Planned,Low
WO00257,CV001,T001,2025-06-11,2025-06-05,Preventive,,2.48,3.93,1055,334.46,1389.46,0,0,Planned,Low
WO00258,EX001,T003,2025-06-13,,Breakdown,MECH01,30.34,18.97,23116,2276.98,25392.98,0,0,Unplanned,High
WO00259,CV001,T005,2025-06-14,2025-06-08,Preventive,,4.54,4.9,1767,440.91,2207.91,0,0,Planned,Medium
WO00260,CV001,T004,2025-06-19,2025-06-17,Preventive,,2.77,4.92,1050,320.02,1370.02,0,0,Planned,Low
WO00261,EX001,T005,2025-06-20,2025-06-18,Preventive,,6.86,4.11,1301,369.97,1670.97,0,0,Planned,Low
WO00262,DT001,T005,2025-06-22,2025-06-20,Preventive,,7.5,4.64,1235,417.64,1652.64,0,0,Planned,Low
WO00263,WL001,T005,2025-06-26,,Breakdown,TIRE05,45.51,5.34,7192,480.32,7672.32,0,0,Unplanned,Medium
WO00264,DT001,T002,2025-06-27,2025-06-26,Preventive,,7.32,3.18,1975,143.08,2118.08,0,0,Planned,Medium
WO00265,EX001,T002,2025-06-29,,Breakdown,MECH01,34.81,5.83,5667,262.53,5929.53,40,0,Unplanned,Medium
WO00266,DT001,T004,2025-07-01,,Breakdown,MECH01,39.59,17.86,13478,1160.62,14638.62,0,0,Unplanned,High
WO00267,WL001,T003,2025-07-03,,Breakdown,TIRE05,26.01,4.97,8114,596.59,8710.59,0,0,Unplanned,Medium
WO00268,WL001,T003,2025-07-06,2025-07-05,Preventive,,7.89,5.65,767,678.01,1445.01,0,0,Planned,Low
WO00269,DR001,T003,2025-07-09,,Breakdown,TIRE05,12.74,15.58,22158,1869.31,24027.31,0,0,Unplanned,High
WO00270,DR001,T005,2025-07-10,2025-07-06,Preventive,,7.06,3.22,1377,290.23,1667.23,0,0,Planned,Low
WO00271,CV001,T002,2025-07-12,,Breakdown,HYDR03,6.85,6.43,23570,289.42,23859.42,0,0,Unplanned,High
WO00272,DT001,T003,2025-07-14,2025-07-09,Preventive,,2.41,4.71,1559,565.2,2124.2,0,0,Planned,Medium
WO00273,CV001,T001,2025-07-15,2025-07-10,Preventive,,6.8,2.02,1179,171.38,1350.38,0,0,Planned,Low
WO00274,EX001,T001,2025-07-18,2025-07-17,Preventive,,6.47,4.27,1433,362.86,1795.86,61,1,Planned,Low
WO00275,WL001,T005,2025-07-22,2025-07-18,Preventive,,7.27,5.14,1395,463.03,1858.03,0,0,Planned,Low
WO00276,CR001,T002,2025-07-25,2025-07-19,Preventive,,2.02,5.1,967,229.42,1196.42,0,0,Planned,Low
WO00277,EX001,T002,2025-07-27,2025-07-21,Preventive,,2.85,4.98,1129,224.02,1353.02,0,0,Planned,Low
WO00278,DT001,T003,2025-07-29,2025-07-28,Preventive,,4.82,3.88,720,465.67,1185.67,0,0,Planned,Low
WO00279,EX001,T002,2025-07-31,,Breakdown,ELEC02,12.45,12.8,16083,575.98,16658.98,0,0,Unplanned,High
WO00280,CV001,T003,2025-08-01,2025-07-30,Preventive,,4.24,2.57,689,308.6,997.6,55,0,Planned,Low
WO00281,EX001,T004,2025-08-03,2025-08-02,Preventive,,2.54,2.01,580,130.72,710.72,0,0,Planned,Low
WO00282,WL001,T004,2025-08-04,2025-07-31,Preventive,,5.1,4.74,1886,308.09,2194.09,34,0,Planned,Medium
WO00283,CV001,T005,2025-08-05,2025-07-31,Preventive,,4.16,4.98,610,447.79,1057.79,0,0,Planned,Low
WO00284,CR001,T004,2025-08-08,2025-08-01,Preventive,,5.36,5.28,1911,343.35,2254.35,0,0,Planned,Medium
WO00285,CR001,T004,2025-08-10,,Breakdown,MECH01,20.72,12.43,23161,808.27,23969.27,0,0,Unplanned,High
WO00286,CV001,T004,2025-08-12,2025-08-06,Preventive,,5.37,5.24,1044,340.7,1384.7,0,0,Planned,Low
WO00287,DR001,T003,2025-08-13,2025-08-07,Preventive,,2.1,2.94,550,352.27,902.27,0,0,Planned,Low
WO00288,DT001,T005,2025-08-17,2025-08-16,Preventive,,5.27,3.64,785,327.29,1112.29,0,0,Planned,Low
WO00289,CR001,T002,2025-08-18,,Breakdown,ELEC02,24.25,12.68,21966,570.72,22536.72,0,0,Unplanned,High
WO00290,EX001,T001,2025-08-25,2025-08-21,Preventive,,6.25,4.73,724,402.15,1126.15,0,0,Planned,Low
WO00291,DR001,T002,2025-08-26,2025-08-24,Preventive,,5.74,4.67,1832,210.02,2042.02,0,0,Planned,Medium
WO00292,DR001,T002,2025-08-27,,Breakdown,HYDR03,37.71,13.92,11942,626.34,12568.34,0,0,Unplanned,High
WO00293,CV001,T002,2025-08-28,2025-08-27,Preventive,,3.38,5.42,1483,244.1,1727.1,0,0,Planned,Low
WO00294,CR001,T002,2025-09-01,,Breakdown,OPER04,39.54,11.47,7889,516.18,8405.18,0,0,Unplanned,Medium
WO00295,EX001,T004,2025-09-05,2025-08-29,Preventive,,3.8,4.08,1355,265.49,1620.49,0,0,Planned,Low
WO00296,CV001,T005,2025-09-06,,Breakdown,TIRE05,11.73,9.06,8210,815.07,9025.07,0,0,Unplanned,Medium
WO00297,CR001,T003,2025-09-09,2025-09-06,Preventive,,6.3,4.94,923,593.23,1516.23,0,0,Planned,Low
WO00298,EX001,T002,2025-09-12,,Breakdown,OPER04,27.34,18.81,8276,846.34,9122.34,0,0,Unplanned,Medium
WO00299,CV001,T004,2025-09-13,,Breakdown,TIRE05,18.72,14.94,14562,971.22,15533.22,0,0,Unplanned,High
WO00300,CR001,T001,2025-09-16,2025-09-13,Preventive,,7.31,5.54,1864,471.26,2335.26,0,0,Planned,Medium
WO00301,DR001,T005,2025-09-18,,Breakdown,OPER04,5.33,15.05,24991,1354.47,26345.47,0,0,Unplanned,High
WO00302,CV001,T002,2025-09-19,2025-09-16,Preventive,,2.14,3.39,1146,152.76,1298.76,0,0,Planned,Low
WO00303,WL001,T003,2025-09-20,2025-09-14,Preventive,,7.69,3.43,1547,411.17,1958.17,0,0,Planned,Low
WO00304,DT001,T003,2025-09-22,2025-09-20,Preventive,,7.77,2.54,1207,304.44,1511.44,0,0,Planned,Low
WO00305,CR001,T004,2025-09-25,2025-09-24,Preventive,,5.48,4.04,925,262.92,1187.92,163,1,Planned,Low
WO00306,CV001,T005,2025-09-26,2025-09-24,Preventive,,3.75,4.04,1228,363.32,1591.32,0,0,Planned,Low
WO00307,DR001,T003,2025-09-27,2025-09-25,Preventive,,7.3,3.04,1080,365.06,1445.06,0,0,Planned,Low
WO00308,DT001,T001,2025-09-28,2025-09-26,Preventive,,2.84,4.05,926,344.55,1270.55,0,0,Planned,Low
WO00309,DR001,T005,2025-10-03,2025-09-29,Preventive,,5.58,2.86,1132,257.81,1389.81,0,0,Planned,Low
WO00310,DR001,T002,2025-10-04,2025-10-03,Preventive,,4.28,5.9,1061,265.59,1326.59,0,0,Planned,Low
WO00311,EX001,T003,2025-10-05,2025-10-04,Preventive,,3.38,3.33,736,399.55,1135.55,0,0,Planned,Low
WO00312,CV001,T001,2025-10-07,2025-10-05,Preventive,,6.88,2.52,547,214.39,761.39,0,0,Planned,Low
WO00313,DR001,T001,2025-10-10,,Breakdown,HYDR03,27.8,13.6,18477,1155.75,19632.75,115,1,Unplanned,High
WO00314,DR001,T001,2025-10-11,2025-10-04,Preventive,,2.27,4.02,1151,342.11,1493.11,0,0,Planned,Low
WO00315,DT001,T005,2025-10-12,2025-10-09,Preventive,,4.05,4.75,1359,427.87,1786.87,0,0,Planned,Low
WO00316,DT001,T001,2025-10-15,2025-10-11,Preventive,,2.71,5.65,605,480.29,1085.29,0,0,Planned,Low
WO00317,DT001,T005,2025-10-20,2025-10-19,Preventive,,7.63,5.29,1248,476.49,1724.49,0,0,Planned,Low
WO00318,DT001,T002,2025-10-23,,Breakdown,TIRE05,43.23,4.22,7099,189.74,7288.74,0,0,Unplanned,Medium
WO00319,CR001,T003,2025-10-25,2025-10-19,Preventive,,3.92,2.25,1038,269.85,1307.85,100,1,Planned,Low
WO00320,CR001,T003,2025-10-29,2025-10-23,Preventive,,4.39,4.43,1513,531.08,2044.08,0,0,Planned,Medium
WO00321,EX001,T005,2025-10-30,,Breakdown,MECH01,12.78,11.22,12395,1009.55,13404.55,0,0,Unplanned,High
WO00322,DR001,T004,2025-11-01,2025-10-26,Preventive,,5.57,4.59,1958,298.36,2256.36,0,0,Planned,Medium
WO00323,WL001,T003,2025-11-02,2025-10-26,Preventive,,4.28,5.67,664,680.56,1344.56,139,1,Planned,Low
WO00324,CR001,T002,2025-11-03,2025-10-31,Preventive,,6.97,3.77,1480,169.65,1649.65,0,0,Planned,Low
WO00325,EX001,T004,2025-11-04,,Breakdown,HYDR03,10.02,9.31,5960,605.05,6565.05,0,0,Unplanned,Medium
WO00326,DT001,T004,2025-11-08,2025-11-05,Preventive,,2.57,4.92,1806,319.61,2125.61,171,1,Planned,Medium
WO00327,WL001,T005,2025-11-09,,Breakdown,HYDR03,27.76,17.89,19706,1610.28,21316.28,91,1,Unplanned,High
WO00328,DR001,T002,2025-11-10,,Breakdown,TIRE05,43.8,6.16,19189,277.3,19466.3,0,0,Unplanned,High
WO00329,DR001,T005,2025-11-11,2025-11-09,Preventive,,4.69,3.5,1522,315.34,1837.34,0,0,Planned,Low
WO00330,DR001,T005,2025-11-16,,Breakdown,ELEC02,19.02,15.79,12309,1421.0,13730.0,0,0,Unplanned,High
WO00331,CV001,T002,2025-11-18,,Breakdown,OPER04,39.09,4.28,14805,192.82,14997.82,0,0,Unplanned,High
WO00332,CR001,T002,2025-11-19,2025-11-13,Preventive,,2.92,5.8,1787,260.93,2047.93,128,1,Planned,Medium
WO00333,DR001,T005,2025-11-22,2025-11-18,Preventive,,6.25,4.1,1249,368.56,1617.56,0,0,Planned,Low
WO00334,DR001,T001,2025-11-26,2025-11-22,Preventive,,5.83,3.26,716,277.43,993.43,0,0,Planned,Low
WO00335,EX001,T004,2025-11-30,2025-11-29,Preventive,,5.64,5.18,1584,336.92,1920.92,0,0,Planned,Low
WO00336,CV001,T001,2025-12-01,,Breakdown,HYDR03,10.67,12.03,17339,1022.6,18361.6,221,1,Unplanned,High
WO00337,CR001,T005,2025-12-04,,Breakdown,MECH01,32.54,4.7,14798,423.12,15221.12,0,0,Unplanned,High
WO00338,CR001,T001,2025-12-07,,Breakdown,OPER04,14.94,16.43,9151,1396.86,10547.86,0,0,Unplanned,High
WO00339,WL001,T001,2025-12-08,,Breakdown,MECH01,30.32,14.62,9753,1242.63,10995.63,0,0,Unplanned,High
WO00340,EX001,T001,2025-12-11,2025-12-06,Preventive,,7.78,2.27,1758,193.0,1951.0,0,0,Planned,Low
WO00341,WL001,T001,2025-12-14,2025-12-08,Preventive,,6.95,4.86,1746,413.4,2159.4,0,0,Planned,Medium
WO00342,EX001,T002,2025-12-18,2025-12-16,Preventive,,2.68,2.85,1968,128.44,2096.44,0,0,Planned,Medium
WO00343,CV001,T003,2025-12-19,2025-12-14,Preventive,,4.05,2.19,1164,262.29,1426.29,0,0,Planned,Low
WO00344,CR001,T001,2025-12-21,2025-12-16,Preventive,,3.21,4.12,512,350.08,862.08,0,0,Planned,Low
WO00345,DT001,T001,2025-12-23,2025-12-18,Preventive,,4.95,4.48,1491,380.5,1871.5,88,1,Planned,Low
WO00346,DT001,T002,2025-12-24,,Breakdown,OPER04,32.39,17.37,14374,781.74,15155.74,0,0,Unplanned,High
WO00347,WL001,T002,2025-12-25,2025-12-21,Preventive,,6.03,2.7,1624,121.48,1745.48,0,0,Planned,Low
WO00348,WL001,T001,2025-12-28,,Breakdown,HYDR03,27.66,6.41,24371,544.98,24915.98,0,0,Unplanned,High
WO00349,CV001,T005,2025-12-30,2025-12-24,Preventive,,7.16,4.25,1486,382.39,1868.39,0,0,Planned,Low
WO00350,WL001,T005,2025-12-31,,Breakdown,ELEC02,28.9,13.9,8456,1251.21,9707.21,0,0,Unplanned,Medium
