TransactionID,Date,ProductID,Quantity,Type,PurchaseOrderID,BatchNumber,UnitCost
TX000001,2024-01-01,P001,29,Receipt,PO7499,B637,5000.0
TX000002,2024-01-01,P002,97,Receipt,PO3579,B852,500.0
TX000003,2024-01-01,P003,47,Receipt,PO1649,B376,1500.0
TX000004,2024-01-01,P004,68,Receipt,PO2414,B461,200.0
TX000005,2024-01-01,P005,50,Receipt,PO8361,B190,800.0
TX000006,2024-01-01,P006,43,Receipt,PO3499,B255,1200.0
TX000007,2024-01-01,P007,23,Receipt,PO2714,B538,3500.0
TX000008,2024-01-01,P008,57,Receipt,PO8513,B660,150.0
TX000009,2024-01-01,P001,-5,Issue,,,5000.0
TX000010,2024-01-01,P004,-3,Issue,,,200.0
TX000011,2024-01-01,P008,-2,Issue,,,150.0
TX000012,2024-01-01,P008,-4,Issue,,,150.0
TX000013,2024-01-01,P002,-2,Issue,,,500.0
TX000014,2024-01-02,P005,-2,Issue,,,800.0
TX000015,2024-01-02,P005,-4,Issue,,,800.0
TX000016,2024-01-02,P002,-1,Issue,,,500.0
TX000017,2024-01-02,P005,-3,Issue,,,800.0
TX000018,2024-01-03,P003,-3,Issue,,,1500.0
TX000019,2024-01-03,P001,-1,Issue,,,5000.0
TX000020,2024-01-03,P004,-5,Issue,,,200.0
TX000021,2024-01-03,P005,13,Receipt,PO24223,B9568,792.6530433905888
TX000022,2024-01-04,P006,-4,Issue,,,1200.0
TX000023,2024-01-05,P003,-4,Issue,,,1500.0
TX000024,2024-01-05,P004,20,Receipt,PO65678,B6504,209.48643922106723
TX000025,2024-01-06,P004,-4,Issue,,,200.0
TX000026,2024-01-06,P001,-2,Issue,,,5000.0
TX000027,2024-01-06,P002,-4,Issue,,,500.0
TX000028,2024-01-07,P002,-1,Issue,,,500.0
TX000029,2024-01-07,P005,-1,Issue,,,800.0
TX000030,2024-01-07,P007,-2,Issue,,,3500.0
TX000031,2024-01-07,P008,-2,Issue,,,150.0
TX000032,2024-01-07,P004,-3,Issue,,,200.0
TX000033,2024-01-08,P002,-2,Issue,,,500.0
TX000034,2024-01-08,P004,24,Receipt,PO61085,B3132,209.58342405531107
TX000035,2024-01-10,P006,-3,Issue,,,1200.0
TX000036,2024-01-10,P005,-5,Issue,,,800.0
TX000037,2024-01-10,P001,-3,Issue,,,5000.0
TX000038,2024-01-10,P008,-1,Issue,,,150.0
TX000039,2024-01-11,P002,-4,Issue,,,500.0
TX000040,2024-01-11,P008,-1,Issue,,,150.0
TX000041,2024-01-11,P004,-5,Issue,,,200.0
TX000042,2024-01-11,P008,-4,Issue,,,150.0
TX000043,2024-01-11,P008,-2,Issue,,,150.0
TX000044,2024-01-12,P004,-4,Issue,,,200.0
TX000045,2024-01-12,P007,-3,Issue,,,3500.0
TX000046,2024-01-12,P006,-2,Issue,,,1200.0
TX000047,2024-01-13,P002,-3,Issue,,,500.0
TX000048,2024-01-14,P005,-4,Issue,,,800.0
TX000049,2024-01-14,P005,-2,Issue,,,800.0
TX000050,2024-01-14,P006,-5,Issue,,,1200.0
TX000051,2024-01-15,P001,-3,Issue,,,5000.0
TX000052,2024-01-16,P008,-4,Issue,,,150.0
TX000053,2024-01-16,P008,-2,Issue,,,150.0
TX000054,2024-01-16,P002,-3,Issue,,,500.0
TX000055,2024-01-16,P002,-1,Issue,,,500.0
TX000056,2024-01-17,P005,-4,Issue,,,800.0
TX000057,2024-01-18,P008,-3,Issue,,,150.0
TX000058,2024-01-18,P004,-2,Issue,,,200.0
TX000059,2024-01-18,P006,-3,Issue,,,1200.0
TX000060,2024-01-18,P002,-2,Issue,,,500.0
TX000061,2024-01-19,P002,-2,Issue,,,500.0
TX000062,2024-01-19,P006,-5,Issue,,,1200.0
TX000063,2024-01-19,P005,-5,Issue,,,800.0
TX000064,2024-01-19,P006,-5,Issue,,,1200.0
TX000065,2024-01-19,P007,-3,Issue,,,3500.0
TX000066,2024-01-20,P004,-3,Issue,,,200.0
TX000067,2024-01-21,P001,-5,Issue,,,5000.0
TX000068,2024-01-21,P005,-2,Issue,,,800.0
TX000069,2024-01-21,P002,-2,Issue,,,500.0
TX000070,2024-01-22,P004,-5,Issue,,,200.0
TX000071,2024-01-23,P005,-2,Issue,,,800.0
TX000072,2024-01-23,P005,-2,Issue,,,800.0
TX000073,2024-01-23,P005,-2,Issue,,,800.0
TX000074,2024-01-24,P003,-2,Issue,,,1500.0
TX000075,2024-01-24,P006,-1,Issue,,,1200.0
TX000076,2024-01-24,P004,-4,Issue,,,200.0
TX000077,2024-01-25,P007,-3,Issue,,,3500.0
TX000078,2024-01-25,P002,-1,Issue,,,500.0
TX000079,2024-01-25,P001,-4,Issue,,,5000.0
TX000080,2024-01-26,P003,-1,Issue,,,1500.0
TX000081,2024-01-26,P004,-2,Issue,,,200.0
TX000082,2024-01-26,P005,-1,Issue,,,800.0
TX000083,2024-01-26,P005,-1,Issue,,,800.0
TX000084,2024-01-26,P003,10,Receipt,PO24306,B4458,1535.2898493760438
TX000085,2024-01-27,P003,-5,Issue,,,1500.0
TX000086,2024-01-28,P005,-2,Issue,,,800.0
TX000087,2024-01-28,P007,15,Receipt,PO46639,B4327,3380.192313664683
TX000088,2024-01-29,P004,-4,Issue,,,200.0
TX000089,2024-01-29,P003,-1,Issue,,,1500.0
TX000090,2024-01-29,P006,-3,Issue,,,1200.0
TX000091,2024-01-29,P005,-2,Issue,,,800.0
TX000092,2024-01-30,P003,-1,Issue,,,1500.0
TX000093,2024-01-31,P004,-3,Issue,,,200.0
TX000094,2024-01-31,P003,-2,Issue,,,1500.0
TX000095,2024-01-31,P003,-1,Issue,,,1500.0
TX000096,2024-01-31,P004,15,Receipt,PO74939,B8031,190.8545599988033
TX000097,2024-02-02,P002,-5,Issue,,,500.0
TX000098,2024-02-02,P006,-5,Issue,,,1200.0
TX000099,2024-02-03,P008,-3,Issue,,,150.0
TX000100,2024-02-04,P004,-3,Issue,,,200.0
TX000101,2024-02-04,P003,-3,Issue,,,1500.0
TX000102,2024-02-06,P001,-1,Issue,,,5000.0
TX000103,2024-02-06,P003,-2,Issue,,,1500.0
TX000104,2024-02-06,P008,-5,Issue,,,150.0
TX000105,2024-02-06,P008,-5,Issue,,,150.0
TX000106,2024-02-06,P006,-5,Issue,,,1200.0
TX000107,2024-02-07,P006,3,Receipt,PO83706,B5863,1152.2607406793527
TX000108,2024-02-08,P002,-2,Issue,,,500.0
TX000109,2024-02-09,P002,-2,Issue,,,500.0
TX000110,2024-02-09,P004,-4,Issue,,,200.0
TX000111,2024-02-10,P001,-4,Issue,,,5000.0
TX000112,2024-02-10,P002,-3,Issue,,,500.0
TX000113,2024-02-10,P002,-5,Issue,,,500.0
TX000114,2024-02-11,P004,-1,Issue,,,200.0
TX000115,2024-02-11,P004,-4,Issue,,,200.0
TX000116,2024-02-12,P005,-2,Issue,,,800.0
TX000117,2024-02-12,P008,-1,Issue,,,150.0
TX000118,2024-02-12,P007,5,Receipt,PO20039,B3471,3479.3804339782664
TX000119,2024-02-13,P008,-3,Issue,,,150.0
TX000120,2024-02-13,P001,-1,Issue,,,5000.0
TX000121,2024-02-14,P005,-3,Issue,,,800.0
TX000122,2024-02-14,P003,-3,Issue,,,1500.0
TX000123,2024-02-14,P006,-1,Issue,,,1200.0
TX000124,2024-02-14,P007,-5,Issue,,,3500.0
TX000125,2024-02-16,P006,-5,Issue,,,1200.0
TX000126,2024-02-16,P004,-5,Issue,,,200.0
TX000127,2024-02-16,P003,-2,Issue,,,1500.0
TX000128,2024-02-16,P001,-1,Issue,,,5000.0
TX000129,2024-02-16,P003,-2,Issue,,,1500.0
TX000130,2024-02-17,P006,-2,Issue,,,1200.0
TX000131,2024-02-17,P008,-2,Issue,,,150.0
TX000132,2024-02-17,P002,-2,Issue,,,500.0
TX000133,2024-02-17,P004,-2,Issue,,,200.0
TX000134,2024-02-18,P002,-5,Issue,,,500.0
TX000135,2024-02-18,P008,-3,Issue,,,150.0
TX000136,2024-02-18,P001,-1,Issue,,,5000.0
TX000137,2024-02-18,P007,-1,Issue,,,3500.0
TX000138,2024-02-18,P005,12,Receipt,PO23390,B1075,839.8716182257971
TX000139,2024-02-19,P005,-4,Issue,,,800.0
TX000140,2024-02-19,P003,-4,Issue,,,1500.0
TX000141,2024-02-21,P007,-4,Issue,,,3500.0
TX000142,2024-02-21,P006,-2,Issue,,,1200.0
TX000143,2024-02-22,P005,-2,Issue,,,800.0
TX000144,2024-02-22,P006,-3,Issue,,,1200.0
TX000145,2024-02-22,P001,-4,Issue,,,5000.0
TX000146,2024-02-22,P001,-5,Issue,,,5000.0
TX000147,2024-02-22,P004,-3,Issue,,,200.0
TX000148,2024-02-23,P002,-1,Issue,,,500.0
TX000149,2024-02-23,P004,-3,Issue,,,200.0
TX000150,2024-02-24,P006,-1,Issue,,,1200.0
TX000151,2024-02-24,P004,-3,Issue,,,200.0
TX000152,2024-02-24,P004,-5,Issue,,,200.0
TX000153,2024-02-25,P006,-5,Issue,,,1200.0
TX000154,2024-02-25,P005,-3,Issue,,,800.0
TX000155,2024-02-25,P006,3,Receipt,PO89298,B3607,1156.5845371125138
TX000156,2024-02-26,P002,-5,Issue,,,500.0
TX000157,2024-02-27,P005,12,Receipt,PO20623,B7170,770.9768303946942
TX000158,2024-02-28,P001,-5,Issue,,,5000.0
TX000159,2024-02-28,P006,-5,Issue,,,1200.0
TX000160,2024-02-28,P008,-1,Issue,,,150.0
TX000161,2024-02-29,P003,-5,Issue,,,1500.0
TX000162,2024-02-29,P001,-5,Issue,,,5000.0
TX000163,2024-02-29,P004,-5,Issue,,,200.0
TX000164,2024-02-29,P006,-3,Issue,,,1200.0
TX000165,2024-02-29,P003,-1,Issue,,,1500.0
TX000166,2024-02-29,P008,27,Receipt,PO52353,B5446,147.39443483073524
TX000167,2024-03-01,P004,-1,Issue,,,200.0
TX000168,2024-03-02,P002,-5,Issue,,,500.0
TX000169,2024-03-02,P007,-5,Issue,,,3500.0
TX000170,2024-03-02,P001,-2,Issue,,,5000.0
TX000171,2024-03-02,P007,-2,Issue,,,3500.0
TX000172,2024-03-02,P002,-1,Issue,,,500.0
TX000173,2024-03-03,P006,-4,Issue,,,1200.0
TX000174,2024-03-03,P008,-5,Issue,,,150.0
TX000175,2024-03-03,P006,-2,Issue,,,1200.0
TX000176,2024-03-03,P007,-5,Issue,,,3500.0
TX000177,2024-03-03,P006,-2,Issue,,,1200.0
TX000178,2024-03-04,P007,-4,Issue,,,3500.0
TX000179,2024-03-04,P007,-4,Issue,,,3500.0
TX000180,2024-03-04,P002,-1,Issue,,,500.0
TX000181,2024-03-04,P002,-1,Issue,,,500.0
TX000182,2024-03-04,P006,-4,Issue,,,1200.0
TX000183,2024-03-05,P001,-4,Issue,,,5000.0
TX000184,2024-03-05,P003,-2,Issue,,,1500.0
TX000185,2024-03-05,P008,-1,Issue,,,150.0
TX000186,2024-03-05,P005,-1,Issue,,,800.0
TX000187,2024-03-06,P006,-4,Issue,,,1200.0
TX000188,2024-03-06,P008,-2,Issue,,,150.0
TX000189,2024-03-06,P004,21,Receipt,PO28086,B8553,193.68434169401473
TX000190,2024-03-07,P005,-4,Issue,,,800.0
TX000191,2024-03-07,P004,-5,Issue,,,200.0
TX000192,2024-03-08,P005,-3,Issue,,,800.0
TX000193,2024-03-08,P008,-3,Issue,,,150.0
TX000194,2024-03-08,P003,-2,Issue,,,1500.0
TX000195,2024-03-09,P007,-5,Issue,,,3500.0
TX000196,2024-03-09,P007,-5,Issue,,,3500.0
TX000197,2024-03-09,P008,-2,Issue,,,150.0
TX000198,2024-03-10,P007,-5,Issue,,,3500.0
TX000199,2024-03-10,P002,-1,Issue,,,500.0
TX000200,2024-03-10,P005,-1,Issue,,,800.0
TX000201,2024-03-10,P007,-2,Issue,,,3500.0
TX000202,2024-03-10,P004,-3,Issue,,,200.0
TX000203,2024-03-11,P006,-1,Issue,,,1200.0
TX000204,2024-03-11,P007,-3,Issue,,,3500.0
TX000205,2024-03-11,P003,-2,Issue,,,1500.0
TX000206,2024-03-11,P005,-1,Issue,,,800.0
TX000207,2024-03-11,P001,-3,Issue,,,5000.0
TX000208,2024-03-12,P004,-5,Issue,,,200.0
TX000209,2024-03-12,P008,-2,Issue,,,150.0
TX000210,2024-03-13,P008,-2,Issue,,,150.0
TX000211,2024-03-14,P007,-1,Issue,,,3500.0
TX000212,2024-03-14,P006,-1,Issue,,,1200.0
TX000213,2024-03-15,P005,-1,Issue,,,800.0
TX000214,2024-03-15,P006,-2,Issue,,,1200.0
TX000215,2024-03-15,P008,-3,Issue,,,150.0
TX000216,2024-03-16,P004,-5,Issue,,,200.0
TX000217,2024-03-16,P006,-5,Issue,,,1200.0
TX000218,2024-03-16,P003,-1,Issue,,,1500.0
TX000219,2024-03-16,P004,24,Receipt,PO64531,B8359,202.8820147549649
TX000220,2024-03-17,P004,-5,Issue,,,200.0
TX000221,2024-03-18,P004,-3,Issue,,,200.0
TX000222,2024-03-18,P001,-5,Issue,,,5000.0
TX000223,2024-03-19,P006,-3,Issue,,,1200.0
TX000224,2024-03-19,P004,-3,Issue,,,200.0
TX000225,2024-03-19,P008,-3,Issue,,,150.0
TX000226,2024-03-20,P004,-2,Issue,,,200.0
TX000227,2024-03-20,P004,-2,Issue,,,200.0
TX000228,2024-03-20,P003,-3,Issue,,,1500.0
TX000229,2024-03-20,P006,-5,Issue,,,1200.0
TX000230,2024-03-20,P007,-1,Issue,,,3500.0
TX000231,2024-03-21,P001,-2,Issue,,,5000.0
TX000232,2024-03-21,P007,-4,Issue,,,3500.0
TX000233,2024-03-21,P002,-5,Issue,,,500.0
TX000234,2024-03-21,P006,-3,Issue,,,1200.0
TX000235,2024-03-22,P008,-3,Issue,,,150.0
TX000236,2024-03-22,P007,-5,Issue,,,3500.0
TX000237,2024-03-22,P008,-5,Issue,,,150.0
TX000238,2024-03-22,P004,-2,Issue,,,200.0
TX000239,2024-03-23,P005,-1,Issue,,,800.0
TX000240,2024-03-23,P007,14,Receipt,PO58942,B7911,3488.9143851969293
TX000241,2024-03-24,P005,-3,Issue,,,800.0
TX000242,2024-03-24,P006,-3,Issue,,,1200.0
TX000243,2024-03-24,P004,-1,Issue,,,200.0
TX000244,2024-03-25,P004,-2,Issue,,,200.0
TX000245,2024-03-25,P007,13,Receipt,PO43489,B1010,3604.256432787485
TX000246,2024-03-26,P001,3,Receipt,PO20420,B6882,4809.287931949928
TX000247,2024-03-27,P003,-1,Issue,,,1500.0
TX000248,2024-03-27,P002,-2,Issue,,,500.0
TX000249,2024-03-27,P001,-2,Issue,,,5000.0
TX000250,2024-03-28,P008,-4,Issue,,,150.0
TX000251,2024-03-29,P004,25,Receipt,PO99028,B7218,192.89762932033858
TX000252,2024-03-30,P004,-4,Issue,,,200.0
TX000253,2024-03-30,P008,-4,Issue,,,150.0
TX000254,2024-03-30,P008,-3,Issue,,,150.0
TX000255,2024-03-30,P007,-4,Issue,,,3500.0
TX000256,2024-03-31,P004,-1,Issue,,,200.0
TX000257,2024-03-31,P003,-2,Issue,,,1500.0
TX000258,2024-04-01,P007,-1,Issue,,,3500.0
TX000259,2024-04-01,P002,-1,Issue,,,500.0
TX000260,2024-04-01,P005,-2,Issue,,,800.0
TX000261,2024-04-01,P005,-1,Issue,,,800.0
TX000262,2024-04-01,P005,-1,Issue,,,800.0
TX000263,2024-04-02,P002,-4,Issue,,,500.0
TX000264,2024-04-02,P005,-3,Issue,,,800.0
TX000265,2024-04-02,P007,-5,Issue,,,3500.0
TX000266,2024-04-02,P004,-3,Issue,,,200.0
TX000267,2024-04-02,P004,-2,Issue,,,200.0
TX000268,2024-04-03,P008,-4,Issue,,,150.0
TX000269,2024-04-03,P002,-5,Issue,,,500.0
TX000270,2024-04-03,P003,-3,Issue,,,1500.0
TX000271,2024-04-06,P001,-4,Issue,,,5000.0
TX000272,2024-04-06,P006,-5,Issue,,,1200.0
TX000273,2024-04-06,P007,-5,Issue,,,3500.0
TX000274,2024-04-07,P005,-5,Issue,,,800.0
TX000275,2024-04-08,P001,-4,Issue,,,5000.0
TX000276,2024-04-08,P007,-3,Issue,,,3500.0
TX000277,2024-04-08,P008,-3,Issue,,,150.0
TX000278,2024-04-09,P006,-4,Issue,,,1200.0
TX000279,2024-04-09,P004,-4,Issue,,,200.0
TX000280,2024-04-09,P002,-3,Issue,,,500.0
TX000281,2024-04-10,P003,-1,Issue,,,1500.0
TX000282,2024-04-10,P004,-2,Issue,,,200.0
TX000283,2024-04-10,P002,-2,Issue,,,500.0
TX000284,2024-04-10,P002,-3,Issue,,,500.0
TX000285,2024-04-10,P004,21,Receipt,PO50948,B3796,201.38266715725663
TX000286,2024-04-11,P007,-2,Issue,,,3500.0
TX000287,2024-04-12,P002,-5,Issue,,,500.0
TX000288,2024-04-12,P002,-5,Issue,,,500.0
TX000289,2024-04-12,P007,-2,Issue,,,3500.0
TX000290,2024-04-12,P001,-5,Issue,,,5000.0
TX000291,2024-04-13,P004,-3,Issue,,,200.0
TX000292,2024-04-13,P001,-2,Issue,,,5000.0
TX000293,2024-04-13,P004,27,Receipt,PO96005,B7700,195.01619770207867
TX000294,2024-04-14,P005,-2,Issue,,,800.0
TX000295,2024-04-14,P008,-1,Issue,,,150.0
TX000296,2024-04-14,P005,-1,Issue,,,800.0
TX000297,2024-04-14,P001,-4,Issue,,,5000.0
TX000298,2024-04-15,P004,-2,Issue,,,200.0
TX000299,2024-04-15,P001,-3,Issue,,,5000.0
TX000300,2024-04-15,P008,-1,Issue,,,150.0
TX000301,2024-04-15,P006,-2,Issue,,,1200.0
TX000302,2024-04-16,P004,-3,Issue,,,200.0
TX000303,2024-04-16,P001,-1,Issue,,,5000.0
TX000304,2024-04-16,P004,-1,Issue,,,200.0
TX000305,2024-04-16,P004,-5,Issue,,,200.0
TX000306,2024-04-16,P007,-1,Issue,,,3500.0
TX000307,2024-04-17,P007,-5,Issue,,,3500.0
TX000308,2024-04-17,P004,-1,Issue,,,200.0
TX000309,2024-04-17,P006,-5,Issue,,,1200.0
TX000310,2024-04-17,P008,-4,Issue,,,150.0
TX000311,2024-04-17,P007,-3,Issue,,,3500.0
TX000312,2024-04-17,P005,14,Receipt,PO72215,B6616,826.4141857779831
TX000313,2024-04-18,P006,-3,Issue,,,1200.0
TX000314,2024-04-18,P005,-5,Issue,,,800.0
TX000315,2024-04-18,P008,-1,Issue,,,150.0
TX000316,2024-04-18,P007,-5,Issue,,,3500.0
TX000317,2024-04-18,P005,15,Receipt,PO67808,B8109,788.5224396601573
TX000318,2024-04-19,P002,-3,Issue,,,500.0
TX000319,2024-04-19,P001,-5,Issue,,,5000.0
TX000320,2024-04-20,P004,-1,Issue,,,200.0
TX000321,2024-04-20,P003,-1,Issue,,,1500.0
TX000322,2024-04-22,P008,-5,Issue,,,150.0
TX000323,2024-04-22,P006,-2,Issue,,,1200.0
TX000324,2024-04-22,P007,-3,Issue,,,3500.0
TX000325,2024-04-22,P006,-2,Issue,,,1200.0
TX000326,2024-04-23,P002,-2,Issue,,,500.0
TX000327,2024-04-24,P007,-2,Issue,,,3500.0
TX000328,2024-04-25,P003,-3,Issue,,,1500.0
TX000329,2024-04-25,P007,-1,Issue,,,3500.0
TX000330,2024-04-26,P001,-1,Issue,,,5000.0
TX000331,2024-04-26,P008,-2,Issue,,,150.0
TX000332,2024-04-26,P002,-1,Issue,,,500.0
TX000333,2024-04-26,P005,-1,Issue,,,800.0
TX000334,2024-04-26,P005,5,Receipt,PO90981,B2786,825.5159857731004
TX000335,2024-04-27,P001,-5,Issue,,,5000.0
TX000336,2024-04-27,P005,-1,Issue,,,800.0
TX000337,2024-04-27,P007,-3,Issue,,,3500.0
TX000338,2024-04-27,P004,-2,Issue,,,200.0
TX000339,2024-04-27,P003,-3,Issue,,,1500.0
TX000340,2024-04-28,P008,-4,Issue,,,150.0
TX000341,2024-04-28,P004,-4,Issue,,,200.0
TX000342,2024-04-28,P004,-5,Issue,,,200.0
TX000343,2024-04-28,P002,-2,Issue,,,500.0
TX000344,2024-04-28,P004,-1,Issue,,,200.0
TX000345,2024-04-28,P004,15,Receipt,PO68567,B8072,196.128956528859
TX000346,2024-04-29,P001,-1,Issue,,,5000.0
TX000347,2024-04-29,P002,-2,Issue,,,500.0
TX000348,2024-04-29,P004,-1,Issue,,,200.0
TX000349,2024-04-30,P001,-4,Issue,,,5000.0
TX000350,2024-05-01,P005,-3,Issue,,,800.0
TX000351,2024-05-02,P006,-5,Issue,,,1200.0
TX000352,2024-05-03,P004,-1,Issue,,,200.0
TX000353,2024-05-03,P004,-1,Issue,,,200.0
TX000354,2024-05-03,P003,-1,Issue,,,1500.0
TX000355,2024-05-03,P001,-5,Issue,,,5000.0
TX000356,2024-05-03,P001,3,Receipt,PO82044,B9897,5128.111593241874
TX000357,2024-05-04,P003,-3,Issue,,,1500.0
TX000358,2024-05-04,P008,-4,Issue,,,150.0
TX000359,2024-05-05,P003,-3,Issue,,,1500.0
TX000360,2024-05-05,P001,-5,Issue,,,5000.0
TX000361,2024-05-06,P008,-2,Issue,,,150.0
TX000362,2024-05-07,P004,-2,Issue,,,200.0
TX000363,2024-05-08,P001,-3,Issue,,,5000.0
TX000364,2024-05-08,P006,-5,Issue,,,1200.0
TX000365,2024-05-08,P004,-4,Issue,,,200.0
TX000366,2024-05-08,P006,1,Receipt,PO36376,B8760,1244.7743864088604
TX000367,2024-05-09,P004,-4,Issue,,,200.0
TX000368,2024-05-09,P003,-4,Issue,,,1500.0
TX000369,2024-05-09,P003,-2,Issue,,,1500.0
TX000370,2024-05-09,P005,5,Receipt,PO11483,B8386,794.0591530750823
TX000371,2024-05-10,P005,-1,Issue,,,800.0
TX000372,2024-05-10,P006,-3,Issue,,,1200.0
TX000373,2024-05-10,P005,-1,Issue,,,800.0
TX000374,2024-05-10,P006,-2,Issue,,,1200.0
TX000375,2024-05-10,P006,-2,Issue,,,1200.0
TX000376,2024-05-10,P003,12,Receipt,PO83034,B4314,1526.4161232716463
TX000377,2024-05-11,P008,-2,Issue,,,150.0
TX000378,2024-05-11,P003,-3,Issue,,,1500.0
TX000379,2024-05-11,P001,3,Receipt,PO32947,B5998,5023.575754142629
TX000380,2024-05-12,P008,-4,Issue,,,150.0
TX000381,2024-05-12,P001,-3,Issue,,,5000.0
TX000382,2024-05-13,P007,-3,Issue,,,3500.0
TX000383,2024-05-13,P005,14,Receipt,PO72663,B6973,786.9978757189451
TX000384,2024-05-14,P007,-3,Issue,,,3500.0
TX000385,2024-05-14,P004,-2,Issue,,,200.0
TX000386,2024-05-14,P007,-3,Issue,,,3500.0
TX000387,2024-05-14,P004,-1,Issue,,,200.0
TX000388,2024-05-14,P007,-3,Issue,,,3500.0
TX000389,2024-05-15,P002,-5,Issue,,,500.0
TX000390,2024-05-15,P003,-5,Issue,,,1500.0
TX000391,2024-05-15,P002,-5,Issue,,,500.0
TX000392,2024-05-16,P003,-4,Issue,,,1500.0
TX000393,2024-05-16,P008,-3,Issue,,,150.0
TX000394,2024-05-16,P003,-3,Issue,,,1500.0
TX000395,2024-05-17,P004,-4,Issue,,,200.0
TX000396,2024-05-17,P007,-4,Issue,,,3500.0
TX000397,2024-05-18,P006,-4,Issue,,,1200.0
TX000398,2024-05-18,P008,-2,Issue,,,150.0
TX000399,2024-05-19,P008,-4,Issue,,,150.0
TX000400,2024-05-19,P004,-2,Issue,,,200.0
TX000401,2024-05-19,P007,-5,Issue,,,3500.0
TX000402,2024-05-21,P007,-5,Issue,,,3500.0
TX000403,2024-05-21,P002,-1,Issue,,,500.0
TX000404,2024-05-22,P007,-2,Issue,,,3500.0
TX000405,2024-05-22,P008,-5,Issue,,,150.0
TX000406,2024-05-22,P002,-4,Issue,,,500.0
TX000407,2024-05-22,P008,-5,Issue,,,150.0
TX000408,2024-05-23,P005,-1,Issue,,,800.0
TX000409,2024-05-23,P002,-5,Issue,,,500.0
TX000410,2024-05-24,P002,-2,Issue,,,500.0
TX000411,2024-05-24,P004,-5,Issue,,,200.0
TX000412,2024-05-24,P004,-2,Issue,,,200.0
TX000413,2024-05-24,P007,-3,Issue,,,3500.0
TX000414,2024-05-24,P006,-3,Issue,,,1200.0
TX000415,2024-05-25,P006,-1,Issue,,,1200.0
TX000416,2024-05-25,P007,-5,Issue,,,3500.0
TX000417,2024-05-25,P003,-1,Issue,,,1500.0
TX000418,2024-05-25,P004,-2,Issue,,,200.0
TX000419,2024-05-26,P008,-3,Issue,,,150.0
TX000420,2024-05-26,P008,-4,Issue,,,150.0
TX000421,2024-05-27,P007,-4,Issue,,,3500.0
TX000422,2024-05-27,P008,-4,Issue,,,150.0
TX000423,2024-05-28,P001,-2,Issue,,,5000.0
TX000424,2024-05-28,P004,-5,Issue,,,200.0
TX000425,2024-05-28,P004,-4,Issue,,,200.0
TX000426,2024-05-28,P001,-2,Issue,,,5000.0
TX000427,2024-05-29,P004,-3,Issue,,,200.0
TX000428,2024-05-29,P003,-1,Issue,,,1500.0
TX000429,2024-05-29,P005,-4,Issue,,,800.0
TX000430,2024-05-29,P001,-1,Issue,,,5000.0
TX000431,2024-05-30,P003,-3,Issue,,,1500.0
TX000432,2024-05-31,P001,-5,Issue,,,5000.0
TX000433,2024-06-01,P005,-4,Issue,,,800.0
TX000434,2024-06-01,P003,-5,Issue,,,1500.0
TX000435,2024-06-01,P008,-4,Issue,,,150.0
TX000436,2024-06-01,P006,-1,Issue,,,1200.0
TX000437,2024-06-03,P004,-4,Issue,,,200.0
TX000438,2024-06-03,P001,-3,Issue,,,5000.0
TX000439,2024-06-03,P008,-2,Issue,,,150.0
TX000440,2024-06-04,P005,-3,Issue,,,800.0
TX000441,2024-06-04,P008,32,Receipt,PO11853,B4918,156.47969315727045
TX000442,2024-06-05,P008,-3,Issue,,,150.0
TX000443,2024-06-05,P001,-3,Issue,,,5000.0
TX000444,2024-06-06,P005,-1,Issue,,,800.0
TX000445,2024-06-06,P004,-4,Issue,,,200.0
TX000446,2024-06-06,P005,-5,Issue,,,800.0
TX000447,2024-06-07,P007,-2,Issue,,,3500.0
TX000448,2024-06-07,P002,-5,Issue,,,500.0
TX000449,2024-06-07,P005,-3,Issue,,,800.0
TX000450,2024-06-08,P002,-2,Issue,,,500.0
TX000451,2024-06-08,P001,-2,Issue,,,5000.0
TX000452,2024-06-09,P005,-5,Issue,,,800.0
TX000453,2024-06-09,P008,-2,Issue,,,150.0
TX000454,2024-06-10,P004,-3,Issue,,,200.0
TX000455,2024-06-10,P006,2,Receipt,PO39445,B9430,1185.135587093942
TX000456,2024-06-11,P001,-2,Issue,,,5000.0
TX000457,2024-06-11,P004,-3,Issue,,,200.0
TX000458,2024-06-11,P007,-1,Issue,,,3500.0
TX000459,2024-06-12,P006,-3,Issue,,,1200.0
TX000460,2024-06-13,P008,-1,Issue,,,150.0
TX000461,2024-06-13,P003,-3,Issue,,,1500.0
TX000462,2024-06-13,P008,-3,Issue,,,150.0
TX000463,2024-06-14,P006,-5,Issue,,,1200.0
TX000464,2024-06-14,P001,-1,Issue,,,5000.0
TX000465,2024-06-15,P007,-1,Issue,,,3500.0
TX000466,2024-06-15,P005,-1,Issue,,,800.0
TX000467,2024-06-15,P008,-2,Issue,,,150.0
TX000468,2024-06-16,P008,-4,Issue,,,150.0
TX000469,2024-06-16,P005,-5,Issue,,,800.0
TX000470,2024-06-16,P007,-4,Issue,,,3500.0
TX000471,2024-06-16,P008,-1,Issue,,,150.0
TX000472,2024-06-17,P004,-2,Issue,,,200.0
TX000473,2024-06-17,P003,29,Receipt,PO62359,B8681,1558.923995736928
TX000474,2024-06-18,P003,-3,Issue,,,1500.0
TX000475,2024-06-18,P007,-5,Issue,,,3500.0
TX000476,2024-06-18,P001,-4,Issue,,,5000.0
TX000477,2024-06-18,P004,-5,Issue,,,200.0
TX000478,2024-06-19,P002,-4,Issue,,,500.0
TX000479,2024-06-19,P006,-5,Issue,,,1200.0
TX000480,2024-06-19,P002,-5,Issue,,,500.0
TX000481,2024-06-19,P004,11,Receipt,PO55587,B7092,208.2731980334562
TX000482,2024-06-20,P005,-1,Issue,,,800.0
TX000483,2024-06-20,P001,-1,Issue,,,5000.0
TX000484,2024-06-21,P005,-1,Issue,,,800.0
TX000485,2024-06-21,P004,-1,Issue,,,200.0
TX000486,2024-06-22,P001,-2,Issue,,,5000.0
TX000487,2024-06-22,P004,-5,Issue,,,200.0
TX000488,2024-06-22,P006,-5,Issue,,,1200.0
TX000489,2024-06-22,P006,-5,Issue,,,1200.0
TX000490,2024-06-23,P001,-5,Issue,,,5000.0
TX000491,2024-06-23,P002,-3,Issue,,,500.0
TX000492,2024-06-23,P004,-4,Issue,,,200.0
TX000493,2024-06-23,P003,-5,Issue,,,1500.0
TX000494,2024-06-23,P001,-3,Issue,,,5000.0
TX000495,2024-06-25,P003,-4,Issue,,,1500.0
TX000496,2024-06-28,P007,-1,Issue,,,3500.0
TX000497,2024-06-28,P005,-5,Issue,,,800.0
TX000498,2024-06-28,P005,-5,Issue,,,800.0
TX000499,2024-06-28,P003,-2,Issue,,,1500.0
TX000500,2024-06-28,P007,-4,Issue,,,3500.0
TX000501,2024-06-29,P001,-3,Issue,,,5000.0
TX000502,2024-06-30,P007,-3,Issue,,,3500.0
TX000503,2024-06-30,P001,-5,Issue,,,5000.0
TX000504,2024-07-01,P004,-1,Issue,,,200.0
TX000505,2024-07-01,P002,-1,Issue,,,500.0
TX000506,2024-07-01,P004,-1,Issue,,,200.0
TX000507,2024-07-02,P008,-4,Issue,,,150.0
TX000508,2024-07-02,P007,-3,Issue,,,3500.0
TX000509,2024-07-02,P001,-5,Issue,,,5000.0
TX000510,2024-07-02,P008,-3,Issue,,,150.0
TX000511,2024-07-02,P007,9,Receipt,PO55404,B3049,3354.1961686748477
TX000512,2024-07-03,P002,-2,Issue,,,500.0
TX000513,2024-07-03,P004,-3,Issue,,,200.0
TX000514,2024-07-03,P003,-2,Issue,,,1500.0
TX000515,2024-07-04,P001,-4,Issue,,,5000.0
TX000516,2024-07-04,P005,-1,Issue,,,800.0
TX000517,2024-07-04,P007,-1,Issue,,,3500.0
TX000518,2024-07-04,P005,13,Receipt,PO19349,B2348,827.8971731542593
TX000519,2024-07-05,P006,-5,Issue,,,1200.0
TX000520,2024-07-05,P001,-1,Issue,,,5000.0
TX000521,2024-07-05,P006,-5,Issue,,,1200.0
TX000522,2024-07-05,P002,-2,Issue,,,500.0
TX000523,2024-07-05,P006,-3,Issue,,,1200.0
TX000524,2024-07-06,P005,-5,Issue,,,800.0
TX000525,2024-07-06,P006,-2,Issue,,,1200.0
TX000526,2024-07-06,P007,-3,Issue,,,3500.0
TX000527,2024-07-06,P002,-3,Issue,,,500.0
TX000528,2024-07-07,P001,-5,Issue,,,5000.0
TX000529,2024-07-07,P001,-3,Issue,,,5000.0
TX000530,2024-07-07,P002,-1,Issue,,,500.0
TX000531,2024-07-07,P003,-5,Issue,,,1500.0
TX000532,2024-07-07,P001,-1,Issue,,,5000.0
TX000533,2024-07-08,P003,-4,Issue,,,1500.0
TX000534,2024-07-08,P005,-2,Issue,,,800.0
TX000535,2024-07-08,P001,-5,Issue,,,5000.0
TX000536,2024-07-08,P005,-2,Issue,,,800.0
TX000537,2024-07-08,P001,-5,Issue,,,5000.0
TX000538,2024-07-08,P005,11,Receipt,PO75215,B4129,785.7971979093991
TX000539,2024-07-10,P007,-1,Issue,,,3500.0
TX000540,2024-07-10,P007,-5,Issue,,,3500.0
TX000541,2024-07-10,P007,-5,Issue,,,3500.0
TX000542,2024-07-10,P002,39,Receipt,PO51145,B9705,491.4435807223944
TX000543,2024-07-11,P007,-2,Issue,,,3500.0
TX000544,2024-07-12,P002,-5,Issue,,,500.0
TX000545,2024-07-12,P005,-5,Issue,,,800.0
TX000546,2024-07-12,P008,-5,Issue,,,150.0
TX000547,2024-07-12,P007,-1,Issue,,,3500.0
TX000548,2024-07-13,P001,-3,Issue,,,5000.0
TX000549,2024-07-14,P001,-2,Issue,,,5000.0
TX000550,2024-07-15,P002,-1,Issue,,,500.0
TX000551,2024-07-15,P005,-3,Issue,,,800.0
TX000552,2024-07-15,P004,-3,Issue,,,200.0
TX000553,2024-07-16,P004,-1,Issue,,,200.0
TX000554,2024-07-16,P004,-2,Issue,,,200.0
TX000555,2024-07-16,P006,-3,Issue,,,1200.0
TX000556,2024-07-16,P006,-3,Issue,,,1200.0
TX000557,2024-07-16,P004,27,Receipt,PO27542,B1278,208.34519196787377
TX000558,2024-07-17,P003,-4,Issue,,,1500.0
TX000559,2024-07-17,P005,8,Receipt,PO69335,B4026,812.4961011505416
TX000560,2024-07-18,P004,-3,Issue,,,200.0
TX000561,2024-07-18,P004,-2,Issue,,,200.0
TX000562,2024-07-20,P003,-2,Issue,,,1500.0
TX000563,2024-07-21,P001,-2,Issue,,,5000.0
TX000564,2024-07-21,P005,-5,Issue,,,800.0
TX000565,2024-07-21,P007,-1,Issue,,,3500.0
TX000566,2024-07-22,P003,-4,Issue,,,1500.0
TX000567,2024-07-22,P006,-3,Issue,,,1200.0
TX000568,2024-07-22,P004,-1,Issue,,,200.0
TX000569,2024-07-22,P001,3,Receipt,PO11514,B8950,4977.8239528010845
TX000570,2024-07-23,P005,-4,Issue,,,800.0
TX000571,2024-07-23,P007,-3,Issue,,,3500.0
TX000572,2024-07-23,P007,-4,Issue,,,3500.0
TX000573,2024-07-24,P002,-5,Issue,,,500.0
TX000574,2024-07-25,P005,-4,Issue,,,800.0
TX000575,2024-07-25,P003,-4,Issue,,,1500.0
TX000576,2024-07-26,P003,-2,Issue,,,1500.0
TX000577,2024-07-26,P001,-3,Issue,,,5000.0
TX000578,2024-07-26,P005,-5,Issue,,,800.0
TX000579,2024-07-27,P007,-5,Issue,,,3500.0
TX000580,2024-07-27,P001,-5,Issue,,,5000.0
TX000581,2024-07-27,P004,-4,Issue,,,200.0
TX000582,2024-07-27,P005,-5,Issue,,,800.0
TX000583,2024-07-27,P008,-4,Issue,,,150.0
TX000584,2024-07-28,P008,-4,Issue,,,150.0
TX000585,2024-07-29,P007,-4,Issue,,,3500.0
TX000586,2024-07-30,P003,-4,Issue,,,1500.0
TX000587,2024-07-30,P003,-5,Issue,,,1500.0
TX000588,2024-07-30,P007,-5,Issue,,,3500.0
TX000589,2024-07-30,P001,-5,Issue,,,5000.0
TX000590,2024-07-30,P003,-5,Issue,,,1500.0
TX000591,2024-07-31,P008,-3,Issue,,,150.0
TX000592,2024-08-01,P001,-2,Issue,,,5000.0
TX000593,2024-08-01,P003,-1,Issue,,,1500.0
TX000594,2024-08-01,P007,-2,Issue,,,3500.0
TX000595,2024-08-01,P005,-4,Issue,,,800.0
TX000596,2024-08-02,P003,-4,Issue,,,1500.0
TX000597,2024-08-02,P004,-3,Issue,,,200.0
TX000598,2024-08-03,P004,-2,Issue,,,200.0
TX000599,2024-08-03,P005,-4,Issue,,,800.0
TX000600,2024-08-04,P004,-2,Issue,,,200.0
TX000601,2024-08-04,P001,-4,Issue,,,5000.0
TX000602,2024-08-04,P002,-4,Issue,,,500.0
TX000603,2024-08-05,P002,-3,Issue,,,500.0
TX000604,2024-08-05,P004,-1,Issue,,,200.0
TX000605,2024-08-05,P008,-2,Issue,,,150.0
TX000606,2024-08-05,P006,-3,Issue,,,1200.0
TX000607,2024-08-05,P004,-3,Issue,,,200.0
TX000608,2024-08-06,P005,-4,Issue,,,800.0
TX000609,2024-08-06,P005,-3,Issue,,,800.0
TX000610,2024-08-06,P005,-4,Issue,,,800.0
TX000611,2024-08-07,P006,-5,Issue,,,1200.0
TX000612,2024-08-07,P003,-4,Issue,,,1500.0
TX000613,2024-08-07,P005,-3,Issue,,,800.0
TX000614,2024-08-07,P004,-3,Issue,,,200.0
TX000615,2024-08-07,P008,-5,Issue,,,150.0
TX000616,2024-08-09,P008,-4,Issue,,,150.0
TX000617,2024-08-10,P005,-2,Issue,,,800.0
TX000618,2024-08-11,P008,-3,Issue,,,150.0
TX000619,2024-08-14,P001,-3,Issue,,,5000.0
TX000620,2024-08-15,P007,-5,Issue,,,3500.0
TX000621,2024-08-15,P005,-2,Issue,,,800.0
TX000622,2024-08-16,P003,-5,Issue,,,1500.0
TX000623,2024-08-16,P007,-4,Issue,,,3500.0
TX000624,2024-08-16,P008,-4,Issue,,,150.0
TX000625,2024-08-17,P002,-4,Issue,,,500.0
TX000626,2024-08-17,P001,3,Receipt,PO35028,B4985,5245.61069317349
TX000627,2024-08-18,P007,-4,Issue,,,3500.0
TX000628,2024-08-18,P001,-4,Issue,,,5000.0
TX000629,2024-08-18,P004,-4,Issue,,,200.0
TX000630,2024-08-18,P004,-5,Issue,,,200.0
TX000631,2024-08-18,P008,-1,Issue,,,150.0
TX000632,2024-08-20,P007,-1,Issue,,,3500.0
TX000633,2024-08-20,P004,-2,Issue,,,200.0
TX000634,2024-08-21,P003,-5,Issue,,,1500.0
TX000635,2024-08-21,P007,-5,Issue,,,3500.0
TX000636,2024-08-21,P001,-2,Issue,,,5000.0
TX000637,2024-08-21,P002,-5,Issue,,,500.0
TX000638,2024-08-22,P006,-5,Issue,,,1200.0
TX000639,2024-08-23,P006,-1,Issue,,,1200.0
TX000640,2024-08-23,P002,-3,Issue,,,500.0
TX000641,2024-08-23,P002,-5,Issue,,,500.0
TX000642,2024-08-23,P001,-5,Issue,,,5000.0
TX000643,2024-08-23,P003,-4,Issue,,,1500.0
TX000644,2024-08-24,P001,-1,Issue,,,5000.0
TX000645,2024-08-24,P002,-2,Issue,,,500.0
TX000646,2024-08-24,P003,-5,Issue,,,1500.0
TX000647,2024-08-25,P006,-3,Issue,,,1200.0
TX000648,2024-08-25,P004,-3,Issue,,,200.0
TX000649,2024-08-25,P007,6,Receipt,PO98908,B5319,3510.699411636815
TX000650,2024-08-26,P004,-5,Issue,,,200.0
TX000651,2024-08-26,P001,-4,Issue,,,5000.0
TX000652,2024-08-26,P001,-5,Issue,,,5000.0
TX000653,2024-08-26,P005,-1,Issue,,,800.0
TX000654,2024-08-27,P007,-4,Issue,,,3500.0
TX000655,2024-08-27,P002,-3,Issue,,,500.0
TX000656,2024-08-27,P003,-2,Issue,,,1500.0
TX000657,2024-08-28,P005,-5,Issue,,,800.0
TX000658,2024-08-28,P007,-3,Issue,,,3500.0
TX000659,2024-08-28,P007,-5,Issue,,,3500.0
TX000660,2024-08-28,P003,-3,Issue,,,1500.0
TX000661,2024-08-28,P006,1,Receipt,PO25911,B3204,1200.7860501057307
TX000662,2024-08-29,P003,-4,Issue,,,1500.0
TX000663,2024-08-30,P004,-4,Issue,,,200.0
TX000664,2024-08-30,P005,-5,Issue,,,800.0
TX000665,2024-08-30,P007,-5,Issue,,,3500.0
TX000666,2024-08-30,P003,-5,Issue,,,1500.0
TX000667,2024-08-30,P008,-5,Issue,,,150.0
TX000668,2024-09-01,P007,-5,Issue,,,3500.0
TX000669,2024-09-01,P007,-1,Issue,,,3500.0
TX000670,2024-09-01,P003,-5,Issue,,,1500.0
TX000671,2024-09-01,P006,-4,Issue,,,1200.0
TX000672,2024-09-01,P002,-4,Issue,,,500.0
TX000673,2024-09-02,P005,-5,Issue,,,800.0
TX000674,2024-09-02,P002,-5,Issue,,,500.0
TX000675,2024-09-02,P003,-2,Issue,,,1500.0
TX000676,2024-09-03,P004,-2,Issue,,,200.0
TX000677,2024-09-03,P008,-4,Issue,,,150.0
TX000678,2024-09-04,P003,-2,Issue,,,1500.0
TX000679,2024-09-04,P005,-3,Issue,,,800.0
TX000680,2024-09-04,P008,-2,Issue,,,150.0
TX000681,2024-09-04,P007,8,Receipt,PO99625,B2581,3632.438416819918
TX000682,2024-09-05,P004,-4,Issue,,,200.0
TX000683,2024-09-07,P007,-3,Issue,,,3500.0
TX000684,2024-09-07,P007,-3,Issue,,,3500.0
TX000685,2024-09-07,P004,-5,Issue,,,200.0
TX000686,2024-09-08,P008,-2,Issue,,,150.0
TX000687,2024-09-08,P005,-4,Issue,,,800.0
TX000688,2024-09-08,P003,-3,Issue,,,1500.0
TX000689,2024-09-08,P006,-2,Issue,,,1200.0
TX000690,2024-09-08,P002,-2,Issue,,,500.0
TX000691,2024-09-09,P006,-3,Issue,,,1200.0
TX000692,2024-09-09,P003,-5,Issue,,,1500.0
TX000693,2024-09-09,P005,5,Receipt,PO62382,B8471,765.0635006980324
TX000694,2024-09-10,P001,-2,Issue,,,5000.0
TX000695,2024-09-10,P001,-5,Issue,,,5000.0
TX000696,2024-09-11,P003,-1,Issue,,,1500.0
TX000697,2024-09-11,P006,-1,Issue,,,1200.0
TX000698,2024-09-11,P005,-2,Issue,,,800.0
TX000699,2024-09-11,P001,-2,Issue,,,5000.0
TX000700,2024-09-12,P003,-4,Issue,,,1500.0
TX000701,2024-09-12,P006,-3,Issue,,,1200.0
TX000702,2024-09-13,P002,-5,Issue,,,500.0
TX000703,2024-09-13,P005,11,Receipt,PO87278,B8555,823.6431973074014
TX000704,2024-09-14,P007,-2,Issue,,,3500.0
TX000705,2024-09-14,P002,-1,Issue,,,500.0
TX000706,2024-09-14,P008,-1,Issue,,,150.0
TX000707,2024-09-14,P001,-3,Issue,,,5000.0
TX000708,2024-09-14,P005,-2,Issue,,,800.0
TX000709,2024-09-15,P004,-4,Issue,,,200.0
TX000710,2024-09-15,P008,-1,Issue,,,150.0
TX000711,2024-09-16,P003,-2,Issue,,,1500.0
TX000712,2024-09-16,P007,-5,Issue,,,3500.0
TX000713,2024-09-16,P004,-5,Issue,,,200.0
TX000714,2024-09-16,P007,-3,Issue,,,3500.0
TX000715,2024-09-17,P002,-2,Issue,,,500.0
TX000716,2024-09-17,P003,-1,Issue,,,1500.0
TX000717,2024-09-17,P003,-2,Issue,,,1500.0
TX000718,2024-09-17,P003,-1,Issue,,,1500.0
TX000719,2024-09-17,P003,-4,Issue,,,1500.0
TX000720,2024-09-18,P006,-5,Issue,,,1200.0
TX000721,2024-09-18,P007,-3,Issue,,,3500.0
TX000722,2024-09-19,P004,-4,Issue,,,200.0
TX000723,2024-09-19,P003,-4,Issue,,,1500.0
TX000724,2024-09-19,P007,-1,Issue,,,3500.0
TX000725,2024-09-20,P007,-5,Issue,,,3500.0
TX000726,2024-09-20,P006,-5,Issue,,,1200.0
TX000727,2024-09-20,P003,-2,Issue,,,1500.0
TX000728,2024-09-20,P001,-3,Issue,,,5000.0
TX000729,2024-09-20,P005,-2,Issue,,,800.0
TX000730,2024-09-21,P001,-2,Issue,,,5000.0
TX000731,2024-09-21,P005,-2,Issue,,,800.0
TX000732,2024-09-21,P005,-4,Issue,,,800.0
TX000733,2024-09-21,P008,-3,Issue,,,150.0
TX000734,2024-09-21,P006,-1,Issue,,,1200.0
TX000735,2024-09-23,P004,-1,Issue,,,200.0
TX000736,2024-09-24,P002,-5,Issue,,,500.0
TX000737,2024-09-24,P001,-1,Issue,,,5000.0
TX000738,2024-09-24,P007,-4,Issue,,,3500.0
TX000739,2024-09-24,P008,-4,Issue,,,150.0
TX000740,2024-09-25,P001,-5,Issue,,,5000.0
TX000741,2024-09-25,P004,-1,Issue,,,200.0
TX000742,2024-09-25,P004,-4,Issue,,,200.0
TX000743,2024-09-26,P003,-3,Issue,,,1500.0
TX000744,2024-09-26,P005,-3,Issue,,,800.0
TX000745,2024-09-26,P005,-5,Issue,,,800.0
TX000746,2024-09-27,P007,-4,Issue,,,3500.0
TX000747,2024-09-27,P001,-4,Issue,,,5000.0
TX000748,2024-09-27,P007,-3,Issue,,,3500.0
TX000749,2024-09-27,P007,-3,Issue,,,3500.0
TX000750,2024-09-27,P008,-5,Issue,,,150.0
TX000751,2024-09-29,P003,-2,Issue,,,1500.0
TX000752,2024-09-29,P001,-2,Issue,,,5000.0
TX000753,2024-09-30,P002,43,Receipt,PO88407,B2719,502.08810370817383
TX000754,2024-10-01,P007,-2,Issue,,,3500.0
TX000755,2024-10-01,P004,-2,Issue,,,200.0
TX000756,2024-10-01,P002,-2,Issue,,,500.0
TX000757,2024-10-02,P007,-4,Issue,,,3500.0
TX000758,2024-10-02,P006,1,Receipt,PO86036,B6184,1209.1112733067173
TX000759,2024-10-04,P007,-3,Issue,,,3500.0
TX000760,2024-10-04,P003,-4,Issue,,,1500.0
TX000761,2024-10-04,P004,-2,Issue,,,200.0
TX000762,2024-10-04,P005,-2,Issue,,,800.0
TX000763,2024-10-05,P001,-2,Issue,,,5000.0
TX000764,2024-10-06,P002,-1,Issue,,,500.0
TX000765,2024-10-06,P004,-3,Issue,,,200.0
TX000766,2024-10-06,P005,-1,Issue,,,800.0
TX000767,2024-10-06,P006,3,Receipt,PO89199,B9959,1210.772757133063
TX000768,2024-10-07,P008,-5,Issue,,,150.0
TX000769,2024-10-08,P007,-3,Issue,,,3500.0
TX000770,2024-10-09,P004,-5,Issue,,,200.0
TX000771,2024-10-09,P007,-3,Issue,,,3500.0
TX000772,2024-10-09,P001,-4,Issue,,,5000.0
TX000773,2024-10-09,P007,9,Receipt,PO32419,B2570,3503.2385003081818
TX000774,2024-10-10,P007,-3,Issue,,,3500.0
TX000775,2024-10-10,P006,-2,Issue,,,1200.0
TX000776,2024-10-10,P001,-2,Issue,,,5000.0
TX000777,2024-10-10,P007,10,Receipt,PO82120,B7145,3648.6550127808787
TX000778,2024-10-11,P003,-1,Issue,,,1500.0
TX000779,2024-10-11,P006,-5,Issue,,,1200.0
TX000780,2024-10-11,P006,-2,Issue,,,1200.0
TX000781,2024-10-11,P006,-5,Issue,,,1200.0
TX000782,2024-10-11,P002,-1,Issue,,,500.0
TX000783,2024-10-12,P003,-1,Issue,,,1500.0
TX000784,2024-10-12,P008,-4,Issue,,,150.0
TX000785,2024-10-12,P006,-4,Issue,,,1200.0
TX000786,2024-10-12,P006,-1,Issue,,,1200.0
TX000787,2024-10-13,P006,-3,Issue,,,1200.0
TX000788,2024-10-13,P005,-1,Issue,,,800.0
TX000789,2024-10-13,P001,3,Receipt,PO24867,B5043,4765.804520043799
TX000790,2024-10-14,P002,-4,Issue,,,500.0
TX000791,2024-10-14,P008,-3,Issue,,,150.0
TX000792,2024-10-14,P003,-1,Issue,,,1500.0
TX000793,2024-10-16,P004,-5,Issue,,,200.0
TX000794,2024-10-17,P002,-3,Issue,,,500.0
TX000795,2024-10-17,P006,-3,Issue,,,1200.0
TX000796,2024-10-17,P004,-2,Issue,,,200.0
TX000797,2024-10-18,P007,-4,Issue,,,3500.0
TX000798,2024-10-18,P007,13,Receipt,PO60540,B5743,3468.0800272999522
TX000799,2024-10-19,P001,-4,Issue,,,5000.0
TX000800,2024-10-19,P008,-3,Issue,,,150.0
TX000801,2024-10-19,P006,-1,Issue,,,1200.0
TX000802,2024-10-19,P001,-2,Issue,,,5000.0
TX000803,2024-10-19,P008,53,Receipt,PO20950,B5902,151.06942252618475
TX000804,2024-10-20,P008,-5,Issue,,,150.0
TX000805,2024-10-20,P008,-3,Issue,,,150.0
TX000806,2024-10-20,P006,-2,Issue,,,1200.0
TX000807,2024-10-20,P004,-3,Issue,,,200.0
TX000808,2024-10-20,P004,-5,Issue,,,200.0
TX000809,2024-10-21,P003,-2,Issue,,,1500.0
TX000810,2024-10-21,P007,-4,Issue,,,3500.0
TX000811,2024-10-21,P002,-1,Issue,,,500.0
TX000812,2024-10-22,P006,-5,Issue,,,1200.0
TX000813,2024-10-23,P006,-5,Issue,,,1200.0
TX000814,2024-10-23,P001,-5,Issue,,,5000.0
TX000815,2024-10-23,P002,-5,Issue,,,500.0
TX000816,2024-10-23,P001,-1,Issue,,,5000.0
TX000817,2024-10-23,P006,-2,Issue,,,1200.0
TX000818,2024-10-24,P002,-2,Issue,,,500.0
TX000819,2024-10-24,P001,2,Receipt,PO36501,B4429,5192.882684690865
TX000820,2024-10-25,P006,-2,Issue,,,1200.0
TX000821,2024-10-25,P006,-3,Issue,,,1200.0
TX000822,2024-10-25,P006,-5,Issue,,,1200.0
TX000823,2024-10-25,P007,-2,Issue,,,3500.0
TX000824,2024-10-26,P002,-2,Issue,,,500.0
TX000825,2024-10-26,P005,-5,Issue,,,800.0
TX000826,2024-10-26,P004,-3,Issue,,,200.0
TX000827,2024-10-26,P003,-2,Issue,,,1500.0
TX000828,2024-10-26,P007,-5,Issue,,,3500.0
TX000829,2024-10-27,P004,-4,Issue,,,200.0
TX000830,2024-10-27,P003,-3,Issue,,,1500.0
TX000831,2024-10-27,P004,-2,Issue,,,200.0
TX000832,2024-10-27,P008,-1,Issue,,,150.0
TX000833,2024-10-27,P007,-2,Issue,,,3500.0
TX000834,2024-10-28,P006,-3,Issue,,,1200.0
TX000835,2024-10-28,P006,-4,Issue,,,1200.0
TX000836,2024-10-29,P006,-1,Issue,,,1200.0
TX000837,2024-10-29,P002,-2,Issue,,,500.0
TX000838,2024-10-30,P003,-1,Issue,,,1500.0
TX000839,2024-10-30,P003,-4,Issue,,,1500.0
TX000840,2024-10-30,P004,-3,Issue,,,200.0
TX000841,2024-10-31,P007,-5,Issue,,,3500.0
TX000842,2024-10-31,P005,-4,Issue,,,800.0
TX000843,2024-11-01,P002,-5,Issue,,,500.0
TX000844,2024-11-01,P001,-5,Issue,,,5000.0
TX000845,2024-11-01,P002,-4,Issue,,,500.0
TX000846,2024-11-01,P004,-1,Issue,,,200.0
TX000847,2024-11-03,P005,-4,Issue,,,800.0
TX000848,2024-11-03,P007,6,Receipt,PO34850,B2323,3465.707956368793
TX000849,2024-11-05,P001,-2,Issue,,,5000.0
TX000850,2024-11-05,P005,-3,Issue,,,800.0
TX000851,2024-11-05,P002,-4,Issue,,,500.0
TX000852,2024-11-05,P006,-3,Issue,,,1200.0
TX000853,2024-11-05,P002,-1,Issue,,,500.0
TX000854,2024-11-06,P007,-2,Issue,,,3500.0
TX000855,2024-11-06,P001,-1,Issue,,,5000.0
TX000856,2024-11-06,P007,-1,Issue,,,3500.0
TX000857,2024-11-07,P006,-1,Issue,,,1200.0
TX000858,2024-11-08,P006,-2,Issue,,,1200.0
TX000859,2024-11-08,P008,-4,Issue,,,150.0
TX000860,2024-11-08,P005,-5,Issue,,,800.0
TX000861,2024-11-08,P006,-5,Issue,,,1200.0
TX000862,2024-11-08,P002,-1,Issue,,,500.0
TX000863,2024-11-09,P004,-4,Issue,,,200.0
TX000864,2024-11-11,P002,-5,Issue,,,500.0
TX000865,2024-11-11,P004,-1,Issue,,,200.0
TX000866,2024-11-11,P006,-5,Issue,,,1200.0
TX000867,2024-11-11,P002,-4,Issue,,,500.0
TX000868,2024-11-11,P005,-1,Issue,,,800.0
TX000869,2024-11-12,P006,-1,Issue,,,1200.0
TX000870,2024-11-12,P005,-5,Issue,,,800.0
TX000871,2024-11-12,P001,-3,Issue,,,5000.0
TX000872,2024-11-12,P004,-3,Issue,,,200.0
TX000873,2024-11-13,P003,-1,Issue,,,1500.0
TX000874,2024-11-13,P002,-4,Issue,,,500.0
TX000875,2024-11-13,P004,-3,Issue,,,200.0
TX000876,2024-11-14,P006,-1,Issue,,,1200.0
TX000877,2024-11-14,P007,-4,Issue,,,3500.0
TX000878,2024-11-14,P005,-1,Issue,,,800.0
TX000879,2024-11-14,P004,-5,Issue,,,200.0
TX000880,2024-11-14,P003,-2,Issue,,,1500.0
TX000881,2024-11-14,P005,10,Receipt,PO19707,B1845,838.0189142523948
TX000882,2024-11-15,P005,-5,Issue,,,800.0
TX000883,2024-11-15,P001,-1,Issue,,,5000.0
TX000884,2024-11-16,P007,13,Receipt,PO28535,B7008,3605.7728914224213
TX000885,2024-11-18,P006,-5,Issue,,,1200.0
TX000886,2024-11-18,P004,-5,Issue,,,200.0
TX000887,2024-11-20,P003,-2,Issue,,,1500.0
TX000888,2024-11-20,P002,-2,Issue,,,500.0
TX000889,2024-11-21,P004,-3,Issue,,,200.0
TX000890,2024-11-21,P004,-5,Issue,,,200.0
TX000891,2024-11-21,P008,41,Receipt,PO75187,B9422,149.7224700979778
TX000892,2024-11-22,P007,-1,Issue,,,3500.0
TX000893,2024-11-22,P001,-5,Issue,,,5000.0
TX000894,2024-11-23,P006,-3,Issue,,,1200.0
TX000895,2024-11-23,P004,-5,Issue,,,200.0
TX000896,2024-11-24,P004,-2,Issue,,,200.0
TX000897,2024-11-24,P005,-3,Issue,,,800.0
TX000898,2024-11-24,P008,-1,Issue,,,150.0
TX000899,2024-11-25,P004,-4,Issue,,,200.0
TX000900,2024-11-27,P005,-3,Issue,,,800.0
TX000901,2024-11-27,P004,-2,Issue,,,200.0
TX000902,2024-11-27,P004,-4,Issue,,,200.0
TX000903,2024-11-28,P001,-2,Issue,,,5000.0
TX000904,2024-11-28,P004,-5,Issue,,,200.0
TX000905,2024-11-28,P005,-2,Issue,,,800.0
TX000906,2024-11-28,P004,-4,Issue,,,200.0
TX000907,2024-11-28,P007,-5,Issue,,,3500.0
TX000908,2024-11-29,P005,-2,Issue,,,800.0
TX000909,2024-11-29,P003,-4,Issue,,,1500.0
TX000910,2024-11-30,P006,-4,Issue,,,1200.0
TX000911,2024-11-30,P003,-1,Issue,,,1500.0
TX000912,2024-12-01,P008,-5,Issue,,,150.0
TX000913,2024-12-01,P008,-3,Issue,,,150.0
TX000914,2024-12-01,P006,-2,Issue,,,1200.0
TX000915,2024-12-01,P005,-2,Issue,,,800.0
TX000916,2024-12-01,P001,1,Receipt,PO98308,B7607,5055.689873396279
TX000917,2024-12-02,P001,-2,Issue,,,5000.0
TX000918,2024-12-02,P001,-1,Issue,,,5000.0
TX000919,2024-12-02,P006,-2,Issue,,,1200.0
TX000920,2024-12-02,P005,-3,Issue,,,800.0
TX000921,2024-12-02,P008,-3,Issue,,,150.0
TX000922,2024-12-03,P008,-4,Issue,,,150.0
TX000923,2024-12-03,P004,-4,Issue,,,200.0
TX000924,2024-12-03,P003,-2,Issue,,,1500.0
TX000925,2024-12-04,P002,-4,Issue,,,500.0
TX000926,2024-12-04,P004,-4,Issue,,,200.0
TX000927,2024-12-04,P008,-5,Issue,,,150.0
TX000928,2024-12-04,P004,-1,Issue,,,200.0
TX000929,2024-12-05,P001,-4,Issue,,,5000.0
TX000930,2024-12-06,P002,-3,Issue,,,500.0
TX000931,2024-12-06,P001,-2,Issue,,,5000.0
TX000932,2024-12-06,P002,-1,Issue,,,500.0
TX000933,2024-12-06,P002,-1,Issue,,,500.0
TX000934,2024-12-07,P006,-5,Issue,,,1200.0
TX000935,2024-12-08,P004,-5,Issue,,,200.0
TX000936,2024-12-08,P003,-5,Issue,,,1500.0
TX000937,2024-12-08,P005,-4,Issue,,,800.0
TX000938,2024-12-08,P006,-1,Issue,,,1200.0
TX000939,2024-12-08,P004,-5,Issue,,,200.0
TX000940,2024-12-09,P002,-2,Issue,,,500.0
TX000941,2024-12-09,P006,-2,Issue,,,1200.0
TX000942,2024-12-09,P008,-5,Issue,,,150.0
TX000943,2024-12-09,P005,-2,Issue,,,800.0
TX000944,2024-12-09,P006,-1,Issue,,,1200.0
TX000945,2024-12-09,P003,12,Receipt,PO62515,B7485,1447.4825609854774
TX000946,2024-12-10,P003,-5,Issue,,,1500.0
TX000947,2024-12-12,P006,-4,Issue,,,1200.0
TX000948,2024-12-12,P002,-1,Issue,,,500.0
TX000949,2024-12-12,P004,-4,Issue,,,200.0
TX000950,2024-12-12,P002,-3,Issue,,,500.0
TX000951,2024-12-13,P007,-1,Issue,,,3500.0
TX000952,2024-12-13,P004,-1,Issue,,,200.0
TX000953,2024-12-14,P003,-4,Issue,,,1500.0
TX000954,2024-12-14,P003,-5,Issue,,,1500.0
TX000955,2024-12-14,P008,-3,Issue,,,150.0
TX000956,2024-12-15,P004,-5,Issue,,,200.0
TX000957,2024-12-15,P001,-5,Issue,,,5000.0
TX000958,2024-12-15,P007,-1,Issue,,,3500.0
TX000959,2024-12-15,P006,-5,Issue,,,1200.0
TX000960,2024-12-16,P005,-1,Issue,,,800.0
TX000961,2024-12-16,P003,-5,Issue,,,1500.0
TX000962,2024-12-16,P005,-1,Issue,,,800.0
TX000963,2024-12-16,P002,-2,Issue,,,500.0
TX000964,2024-12-16,P001,3,Receipt,PO56503,B1600,5125.007237205673
TX000965,2024-12-17,P001,-4,Issue,,,5000.0
TX000966,2024-12-17,P005,-5,Issue,,,800.0
TX000967,2024-12-17,P005,-3,Issue,,,800.0
TX000968,2024-12-17,P004,-1,Issue,,,200.0
TX000969,2024-12-18,P007,-5,Issue,,,3500.0
TX000970,2024-12-19,P008,-1,Issue,,,150.0
TX000971,2024-12-19,P006,-1,Issue,,,1200.0
TX000972,2024-12-21,P008,-5,Issue,,,150.0
TX000973,2024-12-21,P001,-3,Issue,,,5000.0
TX000974,2024-12-21,P001,-1,Issue,,,5000.0
TX000975,2024-12-21,P001,-5,Issue,,,5000.0
TX000976,2024-12-23,P002,-2,Issue,,,500.0
TX000977,2024-12-23,P007,-3,Issue,,,3500.0
TX000978,2024-12-23,P006,-4,Issue,,,1200.0
TX000979,2024-12-23,P006,-5,Issue,,,1200.0
TX000980,2024-12-24,P005,-2,Issue,,,800.0
TX000981,2024-12-24,P004,-2,Issue,,,200.0
TX000982,2024-12-24,P005,-5,Issue,,,800.0
TX000983,2024-12-24,P007,-5,Issue,,,3500.0
TX000984,2024-12-25,P005,-4,Issue,,,800.0
TX000985,2024-12-25,P004,-2,Issue,,,200.0
TX000986,2024-12-26,P005,-5,Issue,,,800.0
TX000987,2024-12-27,P001,-2,Issue,,,5000.0
TX000988,2024-12-27,P004,-3,Issue,,,200.0
TX000989,2024-12-27,P008,-2,Issue,,,150.0
TX000990,2024-12-28,P002,-5,Issue,,,500.0
TX000991,2024-12-28,P008,-2,Issue,,,150.0
TX000992,2024-12-29,P008,-5,Issue,,,150.0
TX000993,2024-12-29,P007,-5,Issue,,,3500.0
TX000994,2024-12-29,P007,-5,Issue,,,3500.0
TX000995,2024-12-29,P002,-1,Issue,,,500.0
TX000996,2024-12-30,P006,-4,Issue,,,1200.0
TX000997,2024-12-30,P001,-3,Issue,,,5000.0
TX000998,2024-12-30,P008,-1,Issue,,,150.0
TX000999,2024-12-30,P007,-4,Issue,,,3500.0
TX001000,2024-12-30,P006,-1,Issue,,,1200.0
TX001001,2025-01-01,P008,-2,Issue,,,150.0
TX001002,2025-01-01,P003,-2,Issue,,,1500.0
TX001003,2025-01-01,P004,-2,Issue,,,200.0
TX001004,2025-01-01,P002,-4,Issue,,,500.0
TX001005,2025-01-01,P002,-1,Issue,,,500.0
TX001006,2025-01-02,P004,-2,Issue,,,200.0
TX001007,2025-01-02,P006,-5,Issue,,,1200.0
TX001008,2025-01-02,P006,-2,Issue,,,1200.0
TX001009,2025-01-04,P006,-4,Issue,,,1200.0
TX001010,2025-01-04,P002,-3,Issue,,,500.0
TX001011,2025-01-04,P007,-4,Issue,,,3500.0
TX001012,2025-01-04,P007,-5,Issue,,,3500.0
TX001013,2025-01-04,P001,-5,Issue,,,5000.0
TX001014,2025-01-05,P006,-1,Issue,,,1200.0
TX001015,2025-01-05,P006,-1,Issue,,,1200.0
TX001016,2025-01-05,P007,-3,Issue,,,3500.0
TX001017,2025-01-05,P008,-3,Issue,,,150.0
TX001018,2025-01-05,P002,-2,Issue,,,500.0
TX001019,2025-01-06,P004,-4,Issue,,,200.0
TX001020,2025-01-06,P004,-3,Issue,,,200.0
TX001021,2025-01-06,P001,-4,Issue,,,5000.0
TX001022,2025-01-06,P001,-2,Issue,,,5000.0
TX001023,2025-01-08,P008,-2,Issue,,,150.0
TX001024,2025-01-08,P002,-1,Issue,,,500.0
TX001025,2025-01-08,P004,-3,Issue,,,200.0
TX001026,2025-01-08,P008,-2,Issue,,,150.0
TX001027,2025-01-10,P001,-4,Issue,,,5000.0
TX001028,2025-01-10,P003,-3,Issue,,,1500.0
TX001029,2025-01-11,P006,-5,Issue,,,1200.0
TX001030,2025-01-11,P002,-2,Issue,,,500.0
TX001031,2025-01-11,P003,-5,Issue,,,1500.0
TX001032,2025-01-11,P006,-4,Issue,,,1200.0
TX001033,2025-01-12,P002,-4,Issue,,,500.0
TX001034,2025-01-12,P004,-4,Issue,,,200.0
TX001035,2025-01-12,P004,-2,Issue,,,200.0
TX001036,2025-01-12,P006,-2,Issue,,,1200.0
TX001037,2025-01-12,P003,27,Receipt,PO96831,B2551,1558.7798832025103
TX001038,2025-01-13,P003,-5,Issue,,,1500.0
TX001039,2025-01-14,P007,-5,Issue,,,3500.0
TX001040,2025-01-14,P003,-4,Issue,,,1500.0
TX001041,2025-01-14,P005,-5,Issue,,,800.0
TX001042,2025-01-15,P002,-4,Issue,,,500.0
TX001043,2025-01-15,P006,-3,Issue,,,1200.0
TX001044,2025-01-15,P002,-2,Issue,,,500.0
TX001045,2025-01-16,P006,-1,Issue,,,1200.0
TX001046,2025-01-16,P008,-1,Issue,,,150.0
TX001047,2025-01-16,P007,-3,Issue,,,3500.0
TX001048,2025-01-16,P005,-3,Issue,,,800.0
TX001049,2025-01-17,P001,-4,Issue,,,5000.0
TX001050,2025-01-17,P008,-1,Issue,,,150.0
TX001051,2025-01-17,P006,-4,Issue,,,1200.0
TX001052,2025-01-17,P002,-5,Issue,,,500.0
TX001053,2025-01-18,P007,-3,Issue,,,3500.0
TX001054,2025-01-19,P006,-4,Issue,,,1200.0
TX001055,2025-01-19,P004,-1,Issue,,,200.0
TX001056,2025-01-19,P003,-4,Issue,,,1500.0
TX001057,2025-01-19,P007,-2,Issue,,,3500.0
TX001058,2025-01-19,P002,-3,Issue,,,500.0
TX001059,2025-01-20,P005,-5,Issue,,,800.0
TX001060,2025-01-20,P002,-1,Issue,,,500.0
TX001061,2025-01-20,P007,-2,Issue,,,3500.0
TX001062,2025-01-20,P002,-2,Issue,,,500.0
TX001063,2025-01-21,P003,-1,Issue,,,1500.0
TX001064,2025-01-21,P003,-5,Issue,,,1500.0
TX001065,2025-01-21,P006,3,Receipt,PO16740,B6175,1207.4093890151703
TX001066,2025-01-22,P006,-2,Issue,,,1200.0
TX001067,2025-01-22,P005,-3,Issue,,,800.0
TX001068,2025-01-22,P006,-1,Issue,,,1200.0
TX001069,2025-01-22,P001,-3,Issue,,,5000.0
TX001070,2025-01-22,P007,-5,Issue,,,3500.0
TX001071,2025-01-22,P008,45,Receipt,PO55852,B1476,142.50080799526273
TX001072,2025-01-23,P004,-5,Issue,,,200.0
TX001073,2025-01-24,P005,-4,Issue,,,800.0
TX001074,2025-01-24,P006,-1,Issue,,,1200.0
TX001075,2025-01-24,P001,-2,Issue,,,5000.0
TX001076,2025-01-24,P001,-2,Issue,,,5000.0
TX001077,2025-01-24,P007,-3,Issue,,,3500.0
TX001078,2025-01-25,P005,-3,Issue,,,800.0
TX001079,2025-01-26,P002,-2,Issue,,,500.0
TX001080,2025-01-26,P007,-2,Issue,,,3500.0
TX001081,2025-01-26,P003,-5,Issue,,,1500.0
TX001082,2025-01-27,P007,-5,Issue,,,3500.0
TX001083,2025-01-27,P003,-5,Issue,,,1500.0
TX001084,2025-01-27,P007,-1,Issue,,,3500.0
TX001085,2025-01-27,P002,-3,Issue,,,500.0
TX001086,2025-01-28,P006,-3,Issue,,,1200.0
TX001087,2025-01-28,P006,-3,Issue,,,1200.0
TX001088,2025-01-28,P005,-3,Issue,,,800.0
TX001089,2025-01-28,P003,-1,Issue,,,1500.0
TX001090,2025-01-29,P005,-5,Issue,,,800.0
TX001091,2025-01-29,P005,-3,Issue,,,800.0
TX001092,2025-01-29,P006,-5,Issue,,,1200.0
TX001093,2025-01-29,P002,-4,Issue,,,500.0
TX001094,2025-01-30,P006,-3,Issue,,,1200.0
TX001095,2025-01-30,P004,-3,Issue,,,200.0
TX001096,2025-01-30,P006,-3,Issue,,,1200.0
TX001097,2025-01-30,P007,-1,Issue,,,3500.0
TX001098,2025-01-30,P002,-5,Issue,,,500.0
TX001099,2025-01-31,P005,-4,Issue,,,800.0
TX001100,2025-01-31,P006,-1,Issue,,,1200.0
TX001101,2025-01-31,P006,-5,Issue,,,1200.0
TX001102,2025-01-31,P005,-5,Issue,,,800.0
TX001103,2025-01-31,P008,-4,Issue,,,150.0
TX001104,2025-02-01,P005,-4,Issue,,,800.0
TX001105,2025-02-02,P008,-3,Issue,,,150.0
TX001106,2025-02-02,P007,-3,Issue,,,3500.0
TX001107,2025-02-04,P001,-3,Issue,,,5000.0
TX001108,2025-02-05,P001,-4,Issue,,,5000.0
TX001109,2025-02-05,P005,-2,Issue,,,800.0
TX001110,2025-02-05,P001,-3,Issue,,,5000.0
TX001111,2025-02-05,P003,-2,Issue,,,1500.0
TX001112,2025-02-06,P008,-5,Issue,,,150.0
TX001113,2025-02-06,P005,8,Receipt,PO27787,B5034,762.7173529106324
TX001114,2025-02-08,P008,-1,Issue,,,150.0
TX001115,2025-02-08,P006,-4,Issue,,,1200.0
TX001116,2025-02-08,P004,-1,Issue,,,200.0
TX001117,2025-02-09,P002,-4,Issue,,,500.0
TX001118,2025-02-10,P007,-4,Issue,,,3500.0
TX001119,2025-02-10,P003,-4,Issue,,,1500.0
TX001120,2025-02-11,P002,-4,Issue,,,500.0
TX001121,2025-02-11,P002,-2,Issue,,,500.0
TX001122,2025-02-11,P007,-3,Issue,,,3500.0
TX001123,2025-02-11,P005,-2,Issue,,,800.0
TX001124,2025-02-11,P001,-3,Issue,,,5000.0
TX001125,2025-02-12,P001,-4,Issue,,,5000.0
TX001126,2025-02-12,P003,-4,Issue,,,1500.0
TX001127,2025-02-12,P008,-2,Issue,,,150.0
TX001128,2025-02-12,P004,-2,Issue,,,200.0
TX001129,2025-02-12,P008,27,Receipt,PO17839,B3065,146.9208329257905
TX001130,2025-02-13,P007,-5,Issue,,,3500.0
TX001131,2025-02-13,P008,-1,Issue,,,150.0
TX001132,2025-02-13,P002,-3,Issue,,,500.0
TX001133,2025-02-14,P001,-2,Issue,,,5000.0
TX001134,2025-02-14,P003,-5,Issue,,,1500.0
TX001135,2025-02-14,P005,-1,Issue,,,800.0
TX001136,2025-02-14,P004,19,Receipt,PO48248,B5285,195.21715390226632
TX001137,2025-02-16,P005,-2,Issue,,,800.0
TX001138,2025-02-16,P004,-2,Issue,,,200.0
TX001139,2025-02-16,P005,-2,Issue,,,800.0
TX001140,2025-02-16,P006,-4,Issue,,,1200.0
TX001141,2025-02-16,P003,-3,Issue,,,1500.0
TX001142,2025-02-17,P002,-3,Issue,,,500.0
TX001143,2025-02-17,P004,-5,Issue,,,200.0
TX001144,2025-02-17,P004,-2,Issue,,,200.0
TX001145,2025-02-17,P006,-5,Issue,,,1200.0
TX001146,2025-02-17,P004,-2,Issue,,,200.0
TX001147,2025-02-18,P001,-4,Issue,,,5000.0
TX001148,2025-02-18,P002,-5,Issue,,,500.0
TX001149,2025-02-18,P007,-5,Issue,,,3500.0
TX001150,2025-02-18,P008,-2,Issue,,,150.0
TX001151,2025-02-20,P002,-4,Issue,,,500.0
TX001152,2025-02-21,P007,-2,Issue,,,3500.0
TX001153,2025-02-21,P006,-5,Issue,,,1200.0
TX001154,2025-02-21,P003,-1,Issue,,,1500.0
TX001155,2025-02-22,P003,-4,Issue,,,1500.0
TX001156,2025-02-22,P005,-1,Issue,,,800.0
TX001157,2025-02-22,P007,-3,Issue,,,3500.0
TX001158,2025-02-22,P004,-3,Issue,,,200.0
TX001159,2025-02-24,P005,-4,Issue,,,800.0
TX001160,2025-02-24,P007,-3,Issue,,,3500.0
TX001161,2025-02-25,P008,-4,Issue,,,150.0
TX001162,2025-02-25,P005,-5,Issue,,,800.0
TX001163,2025-02-25,P003,-2,Issue,,,1500.0
TX001164,2025-02-26,P007,8,Receipt,PO29380,B6877,3363.478415049075
TX001165,2025-02-27,P004,-4,Issue,,,200.0
TX001166,2025-02-27,P003,-4,Issue,,,1500.0
TX001167,2025-02-27,P007,-4,Issue,,,3500.0
TX001168,2025-02-27,P006,-4,Issue,,,1200.0
TX001169,2025-02-27,P001,-1,Issue,,,5000.0
TX001170,2025-02-28,P004,-4,Issue,,,200.0
TX001171,2025-02-28,P002,-2,Issue,,,500.0
TX001172,2025-02-28,P002,-5,Issue,,,500.0
TX001173,2025-02-28,P003,10,Receipt,PO10106,B5977,1445.9357255115788
TX001174,2025-03-01,P004,-5,Issue,,,200.0
TX001175,2025-03-01,P005,-3,Issue,,,800.0
TX001176,2025-03-01,P005,-5,Issue,,,800.0
TX001177,2025-03-01,P008,-5,Issue,,,150.0
TX001178,2025-03-02,P001,-3,Issue,,,5000.0
TX001179,2025-03-02,P001,-5,Issue,,,5000.0
TX001180,2025-03-02,P005,-1,Issue,,,800.0
TX001181,2025-03-02,P003,-3,Issue,,,1500.0
TX001182,2025-03-02,P007,-2,Issue,,,3500.0
TX001183,2025-03-04,P007,-5,Issue,,,3500.0
TX001184,2025-03-04,P002,43,Receipt,PO17596,B1753,502.08314123428164
TX001185,2025-03-05,P008,-1,Issue,,,150.0
TX001186,2025-03-05,P005,-2,Issue,,,800.0
TX001187,2025-03-05,P005,-3,Issue,,,800.0
TX001188,2025-03-05,P002,-3,Issue,,,500.0
TX001189,2025-03-06,P007,-1,Issue,,,3500.0
TX001190,2025-03-06,P003,-5,Issue,,,1500.0
TX001191,2025-03-06,P006,-2,Issue,,,1200.0
TX001192,2025-03-06,P004,-2,Issue,,,200.0
TX001193,2025-03-06,P008,-5,Issue,,,150.0
TX001194,2025-03-07,P005,-4,Issue,,,800.0
TX001195,2025-03-07,P003,-3,Issue,,,1500.0
TX001196,2025-03-07,P005,-2,Issue,,,800.0
TX001197,2025-03-07,P003,-2,Issue,,,1500.0
TX001198,2025-03-07,P005,9,Receipt,PO74477,B7156,788.9556487268237
TX001199,2025-03-08,P007,-2,Issue,,,3500.0
TX001200,2025-03-08,P004,-2,Issue,,,200.0
TX001201,2025-03-09,P003,-3,Issue,,,1500.0
TX001202,2025-03-09,P004,-3,Issue,,,200.0
TX001203,2025-03-11,P005,-1,Issue,,,800.0
TX001204,2025-03-12,P003,-5,Issue,,,1500.0
TX001205,2025-03-12,P003,-4,Issue,,,1500.0
TX001206,2025-03-12,P003,-3,Issue,,,1500.0
TX001207,2025-03-12,P006,-2,Issue,,,1200.0
TX001208,2025-03-12,P004,-1,Issue,,,200.0
TX001209,2025-03-13,P002,-2,Issue,,,500.0
TX001210,2025-03-13,P006,-4,Issue,,,1200.0
TX001211,2025-03-14,P008,-5,Issue,,,150.0
TX001212,2025-03-14,P003,-3,Issue,,,1500.0
TX001213,2025-03-14,P002,-1,Issue,,,500.0
TX001214,2025-03-15,P004,-1,Issue,,,200.0
TX001215,2025-03-15,P006,-5,Issue,,,1200.0
TX001216,2025-03-15,P008,-3,Issue,,,150.0
TX001217,2025-03-15,P002,-4,Issue,,,500.0
TX001218,2025-03-16,P002,-5,Issue,,,500.0
TX001219,2025-03-17,P006,-5,Issue,,,1200.0
TX001220,2025-03-18,P007,-3,Issue,,,3500.0
TX001221,2025-03-18,P002,-4,Issue,,,500.0
TX001222,2025-03-18,P001,-3,Issue,,,5000.0
TX001223,2025-03-18,P001,-1,Issue,,,5000.0
TX001224,2025-03-20,P008,-1,Issue,,,150.0
TX001225,2025-03-20,P003,-1,Issue,,,1500.0
TX001226,2025-03-21,P004,-5,Issue,,,200.0
TX001227,2025-03-21,P007,-3,Issue,,,3500.0
TX001228,2025-03-21,P005,-4,Issue,,,800.0
TX001229,2025-03-23,P008,-4,Issue,,,150.0
TX001230,2025-03-23,P008,-2,Issue,,,150.0
TX001231,2025-03-23,P007,-3,Issue,,,3500.0
TX001232,2025-03-23,P003,-1,Issue,,,1500.0
TX001233,2025-03-24,P005,-2,Issue,,,800.0
TX001234,2025-03-24,P005,15,Receipt,PO51508,B4322,771.5637300029812
TX001235,2025-03-26,P004,-1,Issue,,,200.0
TX001236,2025-03-26,P002,-2,Issue,,,500.0
TX001237,2025-03-27,P001,-3,Issue,,,5000.0
TX001238,2025-03-27,P003,-3,Issue,,,1500.0
TX001239,2025-03-27,P003,-3,Issue,,,1500.0
TX001240,2025-03-27,P007,-3,Issue,,,3500.0
TX001241,2025-03-28,P004,-5,Issue,,,200.0
TX001242,2025-03-28,P007,-5,Issue,,,3500.0
TX001243,2025-03-28,P004,-5,Issue,,,200.0
TX001244,2025-03-28,P008,-4,Issue,,,150.0
TX001245,2025-03-29,P002,-5,Issue,,,500.0
TX001246,2025-03-29,P004,18,Receipt,PO25458,B7190,201.07641492226347
TX001247,2025-03-30,P006,-4,Issue,,,1200.0
TX001248,2025-03-30,P007,-5,Issue,,,3500.0
TX001249,2025-03-30,P002,-5,Issue,,,500.0
TX001250,2025-03-30,P001,-4,Issue,,,5000.0
TX001251,2025-03-31,P008,-3,Issue,,,150.0
TX001252,2025-04-01,P001,-3,Issue,,,5000.0
TX001253,2025-04-01,P005,-1,Issue,,,800.0
TX001254,2025-04-01,P008,-2,Issue,,,150.0
TX001255,2025-04-01,P005,-4,Issue,,,800.0
TX001256,2025-04-01,P003,21,Receipt,PO15333,B2352,1474.646074610319
TX001257,2025-04-02,P002,-5,Issue,,,500.0
TX001258,2025-04-02,P007,-4,Issue,,,3500.0
TX001259,2025-04-02,P008,-1,Issue,,,150.0
TX001260,2025-04-02,P003,-5,Issue,,,1500.0
TX001261,2025-04-02,P001,-4,Issue,,,5000.0
TX001262,2025-04-02,P003,10,Receipt,PO10297,B3407,1567.885381237604
TX001263,2025-04-03,P004,-4,Issue,,,200.0
TX001264,2025-04-03,P008,-2,Issue,,,150.0
TX001265,2025-04-04,P005,-4,Issue,,,800.0
TX001266,2025-04-04,P008,-5,Issue,,,150.0
TX001267,2025-04-04,P006,-4,Issue,,,1200.0
TX001268,2025-04-05,P002,-1,Issue,,,500.0
TX001269,2025-04-05,P002,-1,Issue,,,500.0
TX001270,2025-04-05,P002,-1,Issue,,,500.0
TX001271,2025-04-06,P007,-2,Issue,,,3500.0
TX001272,2025-04-06,P008,-5,Issue,,,150.0
TX001273,2025-04-06,P007,-3,Issue,,,3500.0
TX001274,2025-04-06,P006,-1,Issue,,,1200.0
TX001275,2025-04-06,P008,-2,Issue,,,150.0
TX001276,2025-04-07,P003,16,Receipt,PO43031,B1211,1556.9353386732685
TX001277,2025-04-08,P007,-5,Issue,,,3500.0
TX001278,2025-04-08,P002,-4,Issue,,,500.0
TX001279,2025-04-08,P003,-1,Issue,,,1500.0
TX001280,2025-04-08,P003,-5,Issue,,,1500.0
TX001281,2025-04-09,P007,-4,Issue,,,3500.0
TX001282,2025-04-09,P001,-1,Issue,,,5000.0
TX001283,2025-04-10,P003,-3,Issue,,,1500.0
TX001284,2025-04-10,P007,-2,Issue,,,3500.0
TX001285,2025-04-10,P006,-5,Issue,,,1200.0
TX001286,2025-04-10,P007,-2,Issue,,,3500.0
TX001287,2025-04-10,P006,-2,Issue,,,1200.0
TX001288,2025-04-10,P007,5,Receipt,PO57266,B3349,3610.834584992389
TX001289,2025-04-12,P003,-3,Issue,,,1500.0
TX001290,2025-04-12,P007,-1,Issue,,,3500.0
TX001291,2025-04-13,P006,-3,Issue,,,1200.0
TX001292,2025-04-13,P008,-4,Issue,,,150.0
TX001293,2025-04-13,P002,-5,Issue,,,500.0
TX001294,2025-04-13,P002,-3,Issue,,,500.0
TX001295,2025-04-13,P001,-5,Issue,,,5000.0
TX001296,2025-04-14,P008,-3,Issue,,,150.0
TX001297,2025-04-14,P005,-2,Issue,,,800.0
TX001298,2025-04-15,P006,-4,Issue,,,1200.0
TX001299,2025-04-16,P007,-3,Issue,,,3500.0
TX001300,2025-04-16,P007,-1,Issue,,,3500.0
TX001301,2025-04-16,P007,-4,Issue,,,3500.0
TX001302,2025-04-16,P005,-4,Issue,,,800.0
TX001303,2025-04-16,P008,-4,Issue,,,150.0
TX001304,2025-04-17,P008,57,Receipt,PO20066,B2852,153.93125646614374
TX001305,2025-04-19,P005,-1,Issue,,,800.0
TX001306,2025-04-19,P006,-5,Issue,,,1200.0
TX001307,2025-04-19,P003,-4,Issue,,,1500.0
TX001308,2025-04-19,P006,3,Receipt,PO12407,B3019,1253.7401358352136
TX001309,2025-04-20,P004,-5,Issue,,,200.0
TX001310,2025-04-20,P007,-5,Issue,,,3500.0
TX001311,2025-04-20,P007,14,Receipt,PO55407,B3617,3673.5384011356646
TX001312,2025-04-21,P003,-3,Issue,,,1500.0
TX001313,2025-04-21,P006,-3,Issue,,,1200.0
TX001314,2025-04-21,P003,-1,Issue,,,1500.0
TX001315,2025-04-21,P002,-1,Issue,,,500.0
TX001316,2025-04-22,P008,-2,Issue,,,150.0
TX001317,2025-04-22,P007,-5,Issue,,,3500.0
TX001318,2025-04-22,P005,-5,Issue,,,800.0
TX001319,2025-04-22,P007,-2,Issue,,,3500.0
TX001320,2025-04-23,P003,-5,Issue,,,1500.0
TX001321,2025-04-23,P006,-4,Issue,,,1200.0
TX001322,2025-04-24,P004,-3,Issue,,,200.0
TX001323,2025-04-24,P003,-5,Issue,,,1500.0
TX001324,2025-04-24,P008,-4,Issue,,,150.0
TX001325,2025-04-25,P007,-3,Issue,,,3500.0
TX001326,2025-04-25,P005,-2,Issue,,,800.0
TX001327,2025-04-25,P006,-2,Issue,,,1200.0
TX001328,2025-04-25,P006,-1,Issue,,,1200.0
TX001329,2025-04-27,P005,-3,Issue,,,800.0
TX001330,2025-04-27,P003,-1,Issue,,,1500.0
TX001331,2025-04-27,P007,-5,Issue,,,3500.0
TX001332,2025-04-27,P002,-1,Issue,,,500.0
TX001333,2025-04-27,P002,-5,Issue,,,500.0
TX001334,2025-05-01,P001,-5,Issue,,,5000.0
TX001335,2025-05-02,P003,-1,Issue,,,1500.0
TX001336,2025-05-03,P001,-2,Issue,,,5000.0
TX001337,2025-05-03,P006,-1,Issue,,,1200.0
TX001338,2025-05-03,P004,-5,Issue,,,200.0
TX001339,2025-05-03,P008,-3,Issue,,,150.0
TX001340,2025-05-03,P001,-3,Issue,,,5000.0
TX001341,2025-05-04,P006,-2,Issue,,,1200.0
TX001342,2025-05-05,P006,-5,Issue,,,1200.0
TX001343,2025-05-06,P006,-3,Issue,,,1200.0
TX001344,2025-05-06,P007,-4,Issue,,,3500.0
TX001345,2025-05-06,P002,-1,Issue,,,500.0
TX001346,2025-05-06,P004,-5,Issue,,,200.0
TX001347,2025-05-06,P006,-4,Issue,,,1200.0
TX001348,2025-05-07,P007,-3,Issue,,,3500.0
TX001349,2025-05-07,P007,-2,Issue,,,3500.0
TX001350,2025-05-07,P005,-3,Issue,,,800.0
TX001351,2025-05-07,P001,-4,Issue,,,5000.0
TX001352,2025-05-07,P002,-4,Issue,,,500.0
TX001353,2025-05-07,P007,14,Receipt,PO36248,B9515,3672.455148419244
TX001354,2025-05-08,P008,-2,Issue,,,150.0
TX001355,2025-05-09,P002,-2,Issue,,,500.0
TX001356,2025-05-09,P006,-1,Issue,,,1200.0
TX001357,2025-05-09,P003,-1,Issue,,,1500.0
TX001358,2025-05-10,P007,-4,Issue,,,3500.0
TX001359,2025-05-10,P007,-1,Issue,,,3500.0
TX001360,2025-05-10,P005,-5,Issue,,,800.0
TX001361,2025-05-10,P002,-3,Issue,,,500.0
TX001362,2025-05-10,P002,-4,Issue,,,500.0
TX001363,2025-05-11,P003,-1,Issue,,,1500.0
TX001364,2025-05-11,P004,-1,Issue,,,200.0
TX001365,2025-05-12,P008,-1,Issue,,,150.0
TX001366,2025-05-12,P005,-1,Issue,,,800.0
TX001367,2025-05-12,P002,-4,Issue,,,500.0
TX001368,2025-05-12,P006,-4,Issue,,,1200.0
TX001369,2025-05-12,P001,1,Receipt,PO45035,B6787,4950.428497380619
TX001370,2025-05-13,P002,-3,Issue,,,500.0
TX001371,2025-05-13,P006,-2,Issue,,,1200.0
TX001372,2025-05-13,P002,-3,Issue,,,500.0
TX001373,2025-05-13,P006,-1,Issue,,,1200.0
TX001374,2025-05-13,P008,-1,Issue,,,150.0
TX001375,2025-05-14,P007,-4,Issue,,,3500.0
TX001376,2025-05-14,P002,-4,Issue,,,500.0
TX001377,2025-05-14,P004,-3,Issue,,,200.0
TX001378,2025-05-14,P007,-5,Issue,,,3500.0
TX001379,2025-05-14,P005,-2,Issue,,,800.0
TX001380,2025-05-15,P007,-1,Issue,,,3500.0
TX001381,2025-05-15,P006,-4,Issue,,,1200.0
TX001382,2025-05-15,P006,-5,Issue,,,1200.0
TX001383,2025-05-17,P008,-5,Issue,,,150.0
TX001384,2025-05-18,P005,-3,Issue,,,800.0
TX001385,2025-05-18,P006,-2,Issue,,,1200.0
TX001386,2025-05-18,P006,-4,Issue,,,1200.0
TX001387,2025-05-18,P005,-5,Issue,,,800.0
TX001388,2025-05-18,P001,-5,Issue,,,5000.0
TX001389,2025-05-20,P006,-1,Issue,,,1200.0
TX001390,2025-05-20,P002,-1,Issue,,,500.0
TX001391,2025-05-20,P007,-4,Issue,,,3500.0
TX001392,2025-05-20,P008,-5,Issue,,,150.0
TX001393,2025-05-21,P006,-2,Issue,,,1200.0
TX001394,2025-05-21,P006,-2,Issue,,,1200.0
TX001395,2025-05-21,P002,-3,Issue,,,500.0
TX001396,2025-05-21,P001,-2,Issue,,,5000.0
TX001397,2025-05-21,P001,-5,Issue,,,5000.0
TX001398,2025-05-23,P006,-1,Issue,,,1200.0
TX001399,2025-05-23,P005,-4,Issue,,,800.0
TX001400,2025-05-23,P005,-4,Issue,,,800.0
TX001401,2025-05-23,P001,-5,Issue,,,5000.0
TX001402,2025-05-24,P005,-5,Issue,,,800.0
TX001403,2025-05-24,P006,-4,Issue,,,1200.0
TX001404,2025-05-24,P002,-1,Issue,,,500.0
TX001405,2025-05-25,P007,-3,Issue,,,3500.0
TX001406,2025-05-25,P006,-3,Issue,,,1200.0
TX001407,2025-05-25,P002,-2,Issue,,,500.0
TX001408,2025-05-25,P005,-1,Issue,,,800.0
TX001409,2025-05-26,P003,-5,Issue,,,1500.0
TX001410,2025-05-26,P003,-2,Issue,,,1500.0
TX001411,2025-05-27,P003,-3,Issue,,,1500.0
TX001412,2025-05-27,P005,-2,Issue,,,800.0
TX001413,2025-05-27,P004,-5,Issue,,,200.0
TX001414,2025-05-29,P005,-3,Issue,,,800.0
TX001415,2025-05-30,P003,-3,Issue,,,1500.0
TX001416,2025-05-30,P006,-5,Issue,,,1200.0
TX001417,2025-05-30,P008,-2,Issue,,,150.0
TX001418,2025-05-31,P004,-4,Issue,,,200.0
TX001419,2025-05-31,P006,-4,Issue,,,1200.0
TX001420,2025-06-01,P004,-5,Issue,,,200.0
TX001421,2025-06-01,P002,-3,Issue,,,500.0
TX001422,2025-06-01,P007,-4,Issue,,,3500.0
TX001423,2025-06-01,P007,-1,Issue,,,3500.0
TX001424,2025-06-01,P001,-4,Issue,,,5000.0
TX001425,2025-06-02,P003,-3,Issue,,,1500.0
TX001426,2025-06-02,P004,-4,Issue,,,200.0
TX001427,2025-06-02,P008,-3,Issue,,,150.0
TX001428,2025-06-03,P002,-1,Issue,,,500.0
TX001429,2025-06-03,P006,-1,Issue,,,1200.0
TX001430,2025-06-03,P005,-1,Issue,,,800.0
TX001431,2025-06-03,P005,-1,Issue,,,800.0
TX001432,2025-06-03,P004,-4,Issue,,,200.0
TX001433,2025-06-04,P008,-2,Issue,,,150.0
TX001434,2025-06-04,P005,-3,Issue,,,800.0
TX001435,2025-06-04,P002,52,Receipt,PO95622,B3914,480.3472550012561
TX001436,2025-06-05,P003,-2,Issue,,,1500.0
TX001437,2025-06-05,P001,-2,Issue,,,5000.0
TX001438,2025-06-05,P002,-3,Issue,,,500.0
TX001439,2025-06-06,P004,-1,Issue,,,200.0
TX001440,2025-06-06,P003,-5,Issue,,,1500.0
TX001441,2025-06-06,P007,-4,Issue,,,3500.0
TX001442,2025-06-07,P004,-4,Issue,,,200.0
TX001443,2025-06-07,P003,-2,Issue,,,1500.0
TX001444,2025-06-07,P004,-2,Issue,,,200.0
TX001445,2025-06-07,P006,-3,Issue,,,1200.0
TX001446,2025-06-07,P002,22,Receipt,PO13414,B8428,497.4240440496632
TX001447,2025-06-08,P002,-3,Issue,,,500.0
TX001448,2025-06-08,P004,-2,Issue,,,200.0
TX001449,2025-06-08,P002,-5,Issue,,,500.0
TX001450,2025-06-08,P007,-3,Issue,,,3500.0
TX001451,2025-06-09,P005,-3,Issue,,,800.0
TX001452,2025-06-09,P005,-3,Issue,,,800.0
TX001453,2025-06-09,P005,-4,Issue,,,800.0
TX001454,2025-06-09,P004,-5,Issue,,,200.0
TX001455,2025-06-09,P004,-2,Issue,,,200.0
TX001456,2025-06-10,P006,-1,Issue,,,1200.0
TX001457,2025-06-11,P004,-2,Issue,,,200.0
TX001458,2025-06-11,P001,-3,Issue,,,5000.0
TX001459,2025-06-11,P002,-5,Issue,,,500.0
TX001460,2025-06-13,P005,-1,Issue,,,800.0
TX001461,2025-06-14,P007,-5,Issue,,,3500.0
TX001462,2025-06-14,P008,-5,Issue,,,150.0
TX001463,2025-06-14,P002,-2,Issue,,,500.0
TX001464,2025-06-14,P003,-4,Issue,,,1500.0
TX001465,2025-06-14,P001,-3,Issue,,,5000.0
TX001466,2025-06-15,P006,-4,Issue,,,1200.0
TX001467,2025-06-15,P001,-2,Issue,,,5000.0
TX001468,2025-06-15,P005,-3,Issue,,,800.0
TX001469,2025-06-15,P008,-4,Issue,,,150.0
TX001470,2025-06-17,P003,-2,Issue,,,1500.0
TX001471,2025-06-17,P008,-2,Issue,,,150.0
TX001472,2025-06-17,P008,-5,Issue,,,150.0
TX001473,2025-06-18,P008,-5,Issue,,,150.0
TX001474,2025-06-18,P007,-4,Issue,,,3500.0
TX001475,2025-06-18,P005,-3,Issue,,,800.0
TX001476,2025-06-18,P003,-5,Issue,,,1500.0
TX001477,2025-06-18,P002,21,Receipt,PO24026,B3525,504.1811035941319
TX001478,2025-06-19,P007,-2,Issue,,,3500.0
TX001479,2025-06-19,P008,-1,Issue,,,150.0
TX001480,2025-06-19,P001,-3,Issue,,,5000.0
TX001481,2025-06-21,P002,-1,Issue,,,500.0
TX001482,2025-06-21,P007,-2,Issue,,,3500.0
TX001483,2025-06-24,P003,-1,Issue,,,1500.0
TX001484,2025-06-24,P003,-2,Issue,,,1500.0
TX001485,2025-06-24,P006,-3,Issue,,,1200.0
TX001486,2025-06-24,P005,-5,Issue,,,800.0
TX001487,2025-06-25,P004,-4,Issue,,,200.0
TX001488,2025-06-25,P001,-3,Issue,,,5000.0
TX001489,2025-06-25,P007,-3,Issue,,,3500.0
TX001490,2025-06-25,P007,-1,Issue,,,3500.0
TX001491,2025-06-26,P005,-2,Issue,,,800.0
TX001492,2025-06-26,P003,-1,Issue,,,1500.0
TX001493,2025-06-26,P006,-3,Issue,,,1200.0
TX001494,2025-06-26,P006,-4,Issue,,,1200.0
TX001495,2025-06-26,P006,1,Receipt,PO82521,B6405,1154.3145695477424
TX001496,2025-06-27,P002,-2,Issue,,,500.0
TX001497,2025-06-27,P006,-1,Issue,,,1200.0
TX001498,2025-06-27,P002,-5,Issue,,,500.0
TX001499,2025-06-28,P008,-5,Issue,,,150.0
TX001500,2025-06-29,P002,-1,Issue,,,500.0
TX001501,2025-06-29,P001,-1,Issue,,,5000.0
TX001502,2025-06-29,P002,-1,Issue,,,500.0
TX001503,2025-06-29,P003,-4,Issue,,,1500.0
TX001504,2025-06-29,P003,-1,Issue,,,1500.0
TX001505,2025-06-30,P002,-1,Issue,,,500.0
TX001506,2025-06-30,P001,-2,Issue,,,5000.0
TX001507,2025-06-30,P006,-2,Issue,,,1200.0
TX001508,2025-06-30,P003,-2,Issue,,,1500.0
TX001509,2025-06-30,P003,13,Receipt,PO39591,B1705,1461.0842529769968
TX001510,2025-07-01,P004,-1,Issue,,,200.0
TX001511,2025-07-01,P002,-4,Issue,,,500.0
TX001512,2025-07-01,P006,-3,Issue,,,1200.0
TX001513,2025-07-01,P002,-1,Issue,,,500.0
TX001514,2025-07-02,P006,-4,Issue,,,1200.0
TX001515,2025-07-03,P003,-2,Issue,,,1500.0
TX001516,2025-07-03,P006,-2,Issue,,,1200.0
TX001517,2025-07-03,P007,-2,Issue,,,3500.0
TX001518,2025-07-03,P004,-5,Issue,,,200.0
TX001519,2025-07-04,P008,-5,Issue,,,150.0
TX001520,2025-07-04,P004,24,Receipt,PO29666,B8010,203.78181298325885
TX001521,2025-07-05,P001,-5,Issue,,,5000.0
TX001522,2025-07-05,P004,-4,Issue,,,200.0
TX001523,2025-07-06,P002,-2,Issue,,,500.0
TX001524,2025-07-06,P001,-1,Issue,,,5000.0
TX001525,2025-07-06,P003,-1,Issue,,,1500.0
TX001526,2025-07-06,P007,-2,Issue,,,3500.0
TX001527,2025-07-07,P003,-3,Issue,,,1500.0
TX001528,2025-07-07,P004,-2,Issue,,,200.0
TX001529,2025-07-07,P001,-2,Issue,,,5000.0
TX001530,2025-07-07,P006,-1,Issue,,,1200.0
TX001531,2025-07-07,P004,-1,Issue,,,200.0
TX001532,2025-07-07,P005,10,Receipt,PO82343,B3071,820.8393298658953
TX001533,2025-07-08,P005,-4,Issue,,,800.0
TX001534,2025-07-08,P007,-4,Issue,,,3500.0
TX001535,2025-07-09,P002,-4,Issue,,,500.0
TX001536,2025-07-09,P002,-4,Issue,,,500.0
TX001537,2025-07-09,P004,-1,Issue,,,200.0
TX001538,2025-07-09,P004,-1,Issue,,,200.0
TX001539,2025-07-10,P008,-2,Issue,,,150.0
TX001540,2025-07-10,P003,-3,Issue,,,1500.0
TX001541,2025-07-10,P008,-2,Issue,,,150.0
TX001542,2025-07-10,P003,-2,Issue,,,1500.0
TX001543,2025-07-11,P006,-4,Issue,,,1200.0
TX001544,2025-07-11,P003,-5,Issue,,,1500.0
TX001545,2025-07-11,P002,-3,Issue,,,500.0
TX001546,2025-07-12,P005,-4,Issue,,,800.0
TX001547,2025-07-13,P005,-1,Issue,,,800.0
TX001548,2025-07-13,P008,-1,Issue,,,150.0
TX001549,2025-07-13,P004,-2,Issue,,,200.0
TX001550,2025-07-13,P001,-5,Issue,,,5000.0
TX001551,2025-07-13,P003,-2,Issue,,,1500.0
TX001552,2025-07-13,P004,18,Receipt,PO69050,B8248,196.63281793152447
TX001553,2025-07-14,P007,-1,Issue,,,3500.0
TX001554,2025-07-14,P002,-4,Issue,,,500.0
TX001555,2025-07-14,P007,-1,Issue,,,3500.0
TX001556,2025-07-14,P003,-4,Issue,,,1500.0
TX001557,2025-07-14,P002,-4,Issue,,,500.0
TX001558,2025-07-15,P008,-1,Issue,,,150.0
TX001559,2025-07-15,P001,-5,Issue,,,5000.0
TX001560,2025-07-15,P005,-3,Issue,,,800.0
TX001561,2025-07-15,P008,-1,Issue,,,150.0
TX001562,2025-07-15,P003,-1,Issue,,,1500.0
TX001563,2025-07-16,P005,-3,Issue,,,800.0
TX001564,2025-07-17,P005,-5,Issue,,,800.0
TX001565,2025-07-17,P004,-1,Issue,,,200.0
TX001566,2025-07-18,P001,-3,Issue,,,5000.0
TX001567,2025-07-18,P001,-5,Issue,,,5000.0
TX001568,2025-07-19,P005,-5,Issue,,,800.0
TX001569,2025-07-22,P005,-4,Issue,,,800.0
TX001570,2025-07-22,P007,-4,Issue,,,3500.0
TX001571,2025-07-22,P008,-2,Issue,,,150.0
TX001572,2025-07-23,P001,-4,Issue,,,5000.0
TX001573,2025-07-23,P002,-2,Issue,,,500.0
TX001574,2025-07-23,P003,-4,Issue,,,1500.0
TX001575,2025-07-24,P007,-3,Issue,,,3500.0
TX001576,2025-07-25,P007,-1,Issue,,,3500.0
TX001577,2025-07-25,P003,-5,Issue,,,1500.0
TX001578,2025-07-25,P002,-1,Issue,,,500.0
TX001579,2025-07-26,P006,-5,Issue,,,1200.0
TX001580,2025-07-26,P008,-5,Issue,,,150.0
TX001581,2025-07-27,P007,-3,Issue,,,3500.0
TX001582,2025-07-27,P004,-2,Issue,,,200.0
TX001583,2025-07-28,P007,-5,Issue,,,3500.0
TX001584,2025-07-29,P006,-2,Issue,,,1200.0
TX001585,2025-07-30,P003,-5,Issue,,,1500.0
TX001586,2025-07-30,P003,-1,Issue,,,1500.0
TX001587,2025-07-31,P004,-4,Issue,,,200.0
TX001588,2025-08-01,P003,-1,Issue,,,1500.0
TX001589,2025-08-01,P007,-4,Issue,,,3500.0
TX001590,2025-08-01,P001,-4,Issue,,,5000.0
TX001591,2025-08-01,P005,15,Receipt,PO69394,B4019,790.7927611201267
TX001592,2025-08-02,P008,-5,Issue,,,150.0
TX001593,2025-08-02,P001,-5,Issue,,,5000.0
TX001594,2025-08-02,P005,-5,Issue,,,800.0
TX001595,2025-08-02,P001,-2,Issue,,,5000.0
TX001596,2025-08-02,P004,-3,Issue,,,200.0
TX001597,2025-08-04,P004,-3,Issue,,,200.0
TX001598,2025-08-04,P002,-3,Issue,,,500.0
TX001599,2025-08-04,P006,-3,Issue,,,1200.0
TX001600,2025-08-04,P003,-1,Issue,,,1500.0
TX001601,2025-08-04,P007,-3,Issue,,,3500.0
TX001602,2025-08-05,P007,-4,Issue,,,3500.0
TX001603,2025-08-06,P002,-2,Issue,,,500.0
TX001604,2025-08-06,P003,-4,Issue,,,1500.0
TX001605,2025-08-07,P007,-4,Issue,,,3500.0
TX001606,2025-08-07,P002,-3,Issue,,,500.0
TX001607,2025-08-07,P004,-1,Issue,,,200.0
TX001608,2025-08-08,P003,-1,Issue,,,1500.0
TX001609,2025-08-10,P002,-1,Issue,,,500.0
TX001610,2025-08-10,P004,-4,Issue,,,200.0
TX001611,2025-08-13,P002,-2,Issue,,,500.0
TX001612,2025-08-15,P002,-2,Issue,,,500.0
TX001613,2025-08-15,P004,-2,Issue,,,200.0
TX001614,2025-08-15,P003,-3,Issue,,,1500.0
TX001615,2025-08-15,P008,-5,Issue,,,150.0
TX001616,2025-08-15,P002,-5,Issue,,,500.0
TX001617,2025-08-16,P007,-5,Issue,,,3500.0
TX001618,2025-08-16,P005,-2,Issue,,,800.0
TX001619,2025-08-16,P003,-1,Issue,,,1500.0
TX001620,2025-08-16,P008,-5,Issue,,,150.0
TX001621,2025-08-17,P006,-1,Issue,,,1200.0
TX001622,2025-08-19,P005,-3,Issue,,,800.0
TX001623,2025-08-19,P008,-4,Issue,,,150.0
TX001624,2025-08-19,P006,-3,Issue,,,1200.0
TX001625,2025-08-19,P003,-3,Issue,,,1500.0
TX001626,2025-08-20,P006,-2,Issue,,,1200.0
TX001627,2025-08-20,P001,-1,Issue,,,5000.0
TX001628,2025-08-20,P004,-1,Issue,,,200.0
TX001629,2025-08-21,P003,-1,Issue,,,1500.0
TX001630,2025-08-21,P006,1,Receipt,PO97972,B4888,1238.462489077833
TX001631,2025-08-22,P001,2,Receipt,PO23679,B8128,4825.812891258405
TX001632,2025-08-23,P005,-1,Issue,,,800.0
TX001633,2025-08-23,P001,-1,Issue,,,5000.0
TX001634,2025-08-23,P001,-4,Issue,,,5000.0
TX001635,2025-08-23,P003,-1,Issue,,,1500.0
TX001636,2025-08-23,P007,-4,Issue,,,3500.0
TX001637,2025-08-24,P007,-3,Issue,,,3500.0
TX001638,2025-08-24,P005,-5,Issue,,,800.0
TX001639,2025-08-24,P005,-1,Issue,,,800.0
TX001640,2025-08-24,P005,-2,Issue,,,800.0
TX001641,2025-08-24,P004,-2,Issue,,,200.0
TX001642,2025-08-26,P004,-1,Issue,,,200.0
TX001643,2025-08-26,P006,-5,Issue,,,1200.0
TX001644,2025-08-26,P004,-2,Issue,,,200.0
TX001645,2025-08-26,P007,-3,Issue,,,3500.0
TX001646,2025-08-27,P007,-3,Issue,,,3500.0
TX001647,2025-08-28,P002,-4,Issue,,,500.0
TX001648,2025-08-29,P001,-2,Issue,,,5000.0
TX001649,2025-08-29,P005,-5,Issue,,,800.0
TX001650,2025-08-29,P004,-4,Issue,,,200.0
TX001651,2025-08-29,P006,-4,Issue,,,1200.0
TX001652,2025-08-29,P003,-4,Issue,,,1500.0
TX001653,2025-08-31,P008,-1,Issue,,,150.0
TX001654,2025-08-31,P003,-3,Issue,,,1500.0
TX001655,2025-09-01,P004,-5,Issue,,,200.0
TX001656,2025-09-01,P004,-2,Issue,,,200.0
TX001657,2025-09-02,P002,-3,Issue,,,500.0
TX001658,2025-09-02,P008,-2,Issue,,,150.0
TX001659,2025-09-02,P006,-4,Issue,,,1200.0
TX001660,2025-09-03,P001,-3,Issue,,,5000.0
TX001661,2025-09-03,P004,-1,Issue,,,200.0
TX001662,2025-09-03,P006,-4,Issue,,,1200.0
TX001663,2025-09-03,P003,-5,Issue,,,1500.0
TX001664,2025-09-03,P001,-3,Issue,,,5000.0
TX001665,2025-09-04,P002,-2,Issue,,,500.0
TX001666,2025-09-04,P003,-1,Issue,,,1500.0
TX001667,2025-09-05,P007,-4,Issue,,,3500.0
TX001668,2025-09-05,P004,-1,Issue,,,200.0
TX001669,2025-09-05,P002,-3,Issue,,,500.0
TX001670,2025-09-05,P004,24,Receipt,PO89430,B8981,205.90640290303796
TX001671,2025-09-06,P007,-3,Issue,,,3500.0
TX001672,2025-09-06,P005,-1,Issue,,,800.0
TX001673,2025-09-06,P006,-4,Issue,,,1200.0
TX001674,2025-09-07,P007,-1,Issue,,,3500.0
TX001675,2025-09-07,P001,3,Receipt,PO23224,B8902,4886.193267849612
TX001676,2025-09-08,P003,-3,Issue,,,1500.0
TX001677,2025-09-08,P007,-1,Issue,,,3500.0
TX001678,2025-09-09,P003,-3,Issue,,,1500.0
TX001679,2025-09-09,P002,-2,Issue,,,500.0
TX001680,2025-09-10,P007,-4,Issue,,,3500.0
TX001681,2025-09-10,P003,-3,Issue,,,1500.0
TX001682,2025-09-10,P005,-5,Issue,,,800.0
TX001683,2025-09-10,P008,-3,Issue,,,150.0
TX001684,2025-09-10,P008,-2,Issue,,,150.0
TX001685,2025-09-11,P001,-5,Issue,,,5000.0
TX001686,2025-09-11,P002,-5,Issue,,,500.0
TX001687,2025-09-11,P007,-4,Issue,,,3500.0
TX001688,2025-09-11,P008,-1,Issue,,,150.0
TX001689,2025-09-12,P004,-5,Issue,,,200.0
TX001690,2025-09-13,P001,-5,Issue,,,5000.0
TX001691,2025-09-13,P008,-4,Issue,,,150.0
TX001692,2025-09-13,P001,-2,Issue,,,5000.0
TX001693,2025-09-13,P008,-2,Issue,,,150.0
TX001694,2025-09-14,P008,-3,Issue,,,150.0
TX001695,2025-09-14,P008,-3,Issue,,,150.0
TX001696,2025-09-14,P001,-4,Issue,,,5000.0
TX001697,2025-09-15,P005,-1,Issue,,,800.0
TX001698,2025-09-16,P004,-2,Issue,,,200.0
TX001699,2025-09-16,P001,-3,Issue,,,5000.0
TX001700,2025-09-16,P008,-4,Issue,,,150.0
TX001701,2025-09-16,P001,-3,Issue,,,5000.0
TX001702,2025-09-16,P001,-5,Issue,,,5000.0
TX001703,2025-09-17,P002,-3,Issue,,,500.0
TX001704,2025-09-17,P005,-1,Issue,,,800.0
TX001705,2025-09-17,P002,-2,Issue,,,500.0
TX001706,2025-09-18,P003,-5,Issue,,,1500.0
TX001707,2025-09-18,P006,-1,Issue,,,1200.0
TX001708,2025-09-18,P008,-5,Issue,,,150.0
TX001709,2025-09-18,P008,-2,Issue,,,150.0
TX001710,2025-09-19,P006,-5,Issue,,,1200.0
TX001711,2025-09-19,P007,-4,Issue,,,3500.0
TX001712,2025-09-19,P002,-2,Issue,,,500.0
TX001713,2025-09-20,P007,-1,Issue,,,3500.0
TX001714,2025-09-20,P007,-5,Issue,,,3500.0
TX001715,2025-09-20,P008,-2,Issue,,,150.0
TX001716,2025-09-20,P004,-5,Issue,,,200.0
TX001717,2025-09-20,P003,-3,Issue,,,1500.0
TX001718,2025-09-21,P007,-5,Issue,,,3500.0
TX001719,2025-09-21,P005,-5,Issue,,,800.0
TX001720,2025-09-21,P007,-1,Issue,,,3500.0
TX001721,2025-09-23,P004,-1,Issue,,,200.0
TX001722,2025-09-23,P008,24,Receipt,PO27128,B9107,153.4455677137359
TX001723,2025-09-25,P003,-1,Issue,,,1500.0
TX001724,2025-09-25,P002,-1,Issue,,,500.0
TX001725,2025-09-26,P005,-5,Issue,,,800.0
TX001726,2025-09-26,P007,-2,Issue,,,3500.0
TX001727,2025-09-27,P005,-3,Issue,,,800.0
TX001728,2025-09-27,P007,-1,Issue,,,3500.0
TX001729,2025-09-27,P006,-1,Issue,,,1200.0
TX001730,2025-09-28,P006,-1,Issue,,,1200.0
TX001731,2025-09-29,P001,-2,Issue,,,5000.0
TX001732,2025-10-01,P008,-3,Issue,,,150.0
TX001733,2025-10-01,P004,-2,Issue,,,200.0
TX001734,2025-10-01,P006,-5,Issue,,,1200.0
TX001735,2025-10-02,P004,-2,Issue,,,200.0
TX001736,2025-10-02,P005,-5,Issue,,,800.0
TX001737,2025-10-02,P007,-2,Issue,,,3500.0
TX001738,2025-10-02,P005,-2,Issue,,,800.0
TX001739,2025-10-03,P002,-5,Issue,,,500.0
TX001740,2025-10-03,P004,-2,Issue,,,200.0
TX001741,2025-10-03,P008,-2,Issue,,,150.0
TX001742,2025-10-03,P007,-5,Issue,,,3500.0
TX001743,2025-10-04,P002,-4,Issue,,,500.0
TX001744,2025-10-04,P005,-1,Issue,,,800.0
TX001745,2025-10-04,P005,-2,Issue,,,800.0
TX001746,2025-10-04,P006,-5,Issue,,,1200.0
TX001747,2025-10-04,P004,-4,Issue,,,200.0
TX001748,2025-10-05,P002,-1,Issue,,,500.0
TX001749,2025-10-05,P008,-1,Issue,,,150.0
TX001750,2025-10-05,P006,-2,Issue,,,1200.0
TX001751,2025-10-05,P008,-1,Issue,,,150.0
TX001752,2025-10-05,P005,-4,Issue,,,800.0
TX001753,2025-10-09,P003,-4,Issue,,,1500.0
TX001754,2025-10-09,P002,-1,Issue,,,500.0
TX001755,2025-10-09,P008,-4,Issue,,,150.0
TX001756,2025-10-09,P007,-4,Issue,,,3500.0
TX001757,2025-10-09,P003,-2,Issue,,,1500.0
TX001758,2025-10-10,P001,-5,Issue,,,5000.0
TX001759,2025-10-10,P008,-2,Issue,,,150.0
TX001760,2025-10-10,P008,44,Receipt,PO52068,B9145,152.14447062398577
TX001761,2025-10-11,P007,-3,Issue,,,3500.0
TX001762,2025-10-11,P008,-5,Issue,,,150.0
TX001763,2025-10-11,P004,-4,Issue,,,200.0
TX001764,2025-10-12,P003,-5,Issue,,,1500.0
TX001765,2025-10-12,P002,-3,Issue,,,500.0
TX001766,2025-10-12,P002,-3,Issue,,,500.0
TX001767,2025-10-13,P004,-1,Issue,,,200.0
TX001768,2025-10-13,P007,-5,Issue,,,3500.0
TX001769,2025-10-13,P008,-5,Issue,,,150.0
TX001770,2025-10-13,P001,-2,Issue,,,5000.0
TX001771,2025-10-13,P002,-1,Issue,,,500.0
TX001772,2025-10-14,P003,-2,Issue,,,1500.0
TX001773,2025-10-15,P006,-2,Issue,,,1200.0
TX001774,2025-10-15,P008,-1,Issue,,,150.0
TX001775,2025-10-15,P003,-2,Issue,,,1500.0
TX001776,2025-10-15,P005,-5,Issue,,,800.0
TX001777,2025-10-16,P001,-2,Issue,,,5000.0
TX001778,2025-10-16,P001,-4,Issue,,,5000.0
TX001779,2025-10-16,P002,-1,Issue,,,500.0
TX001780,2025-10-17,P003,-5,Issue,,,1500.0
TX001781,2025-10-17,P007,-3,Issue,,,3500.0
TX001782,2025-10-17,P004,-5,Issue,,,200.0
TX001783,2025-10-18,P003,-1,Issue,,,1500.0
TX001784,2025-10-18,P003,-3,Issue,,,1500.0
TX001785,2025-10-18,P008,-3,Issue,,,150.0
TX001786,2025-10-18,P007,8,Receipt,PO10756,B6467,3674.588497393731
TX001787,2025-10-19,P005,-2,Issue,,,800.0
TX001788,2025-10-19,P002,-3,Issue,,,500.0
TX001789,2025-10-19,P007,7,Receipt,PO64061,B6974,3665.0873209747238
TX001790,2025-10-20,P003,-3,Issue,,,1500.0
TX001791,2025-10-20,P001,-1,Issue,,,5000.0
TX001792,2025-10-21,P005,-4,Issue,,,800.0
TX001793,2025-10-21,P006,-3,Issue,,,1200.0
TX001794,2025-10-21,P006,-2,Issue,,,1200.0
TX001795,2025-10-22,P002,-5,Issue,,,500.0
TX001796,2025-10-22,P008,-2,Issue,,,150.0
TX001797,2025-10-22,P005,-5,Issue,,,800.0
TX001798,2025-10-23,P001,-3,Issue,,,5000.0
TX001799,2025-10-23,P003,-1,Issue,,,1500.0
TX001800,2025-10-23,P002,-5,Issue,,,500.0
TX001801,2025-10-23,P005,11,Receipt,PO86640,B1434,804.5377181526791
TX001802,2025-10-25,P003,-2,Issue,,,1500.0
TX001803,2025-10-25,P008,-4,Issue,,,150.0
TX001804,2025-10-25,P003,-5,Issue,,,1500.0
TX001805,2025-10-26,P001,-5,Issue,,,5000.0
TX001806,2025-10-27,P002,-1,Issue,,,500.0
TX001807,2025-10-27,P006,-2,Issue,,,1200.0
TX001808,2025-10-27,P006,-1,Issue,,,1200.0
TX001809,2025-10-29,P002,-3,Issue,,,500.0
TX001810,2025-10-29,P004,-4,Issue,,,200.0
TX001811,2025-10-30,P007,-5,Issue,,,3500.0
TX001812,2025-11-01,P005,-4,Issue,,,800.0
TX001813,2025-11-01,P004,-1,Issue,,,200.0
TX001814,2025-11-02,P001,-4,Issue,,,5000.0
TX001815,2025-11-02,P004,-4,Issue,,,200.0
TX001816,2025-11-02,P007,-2,Issue,,,3500.0
TX001817,2025-11-02,P004,-2,Issue,,,200.0
TX001818,2025-11-04,P003,-1,Issue,,,1500.0
TX001819,2025-11-04,P001,-3,Issue,,,5000.0
TX001820,2025-11-04,P003,18,Receipt,PO35597,B9992,1496.944061845756
TX001821,2025-11-05,P004,-2,Issue,,,200.0
TX001822,2025-11-05,P008,-4,Issue,,,150.0
TX001823,2025-11-05,P008,-2,Issue,,,150.0
TX001824,2025-11-05,P005,9,Receipt,PO67089,B2242,833.7888215897739
TX001825,2025-11-06,P006,-4,Issue,,,1200.0
TX001826,2025-11-06,P007,-2,Issue,,,3500.0
TX001827,2025-11-08,P003,-5,Issue,,,1500.0
TX001828,2025-11-08,P005,-3,Issue,,,800.0
TX001829,2025-11-09,P004,-1,Issue,,,200.0
TX001830,2025-11-09,P004,-4,Issue,,,200.0
TX001831,2025-11-09,P007,-2,Issue,,,3500.0
TX001832,2025-11-09,P007,-3,Issue,,,3500.0
TX001833,2025-11-10,P005,-5,Issue,,,800.0
TX001834,2025-11-11,P005,-5,Issue,,,800.0
TX001835,2025-11-11,P008,-1,Issue,,,150.0
TX001836,2025-11-11,P006,-3,Issue,,,1200.0
TX001837,2025-11-11,P002,-3,Issue,,,500.0
TX001838,2025-11-12,P008,-2,Issue,,,150.0
TX001839,2025-11-12,P001,-3,Issue,,,5000.0
TX001840,2025-11-12,P005,-1,Issue,,,800.0
TX001841,2025-11-13,P002,-3,Issue,,,500.0
TX001842,2025-11-13,P008,-4,Issue,,,150.0
TX001843,2025-11-13,P008,-5,Issue,,,150.0
TX001844,2025-11-13,P004,-2,Issue,,,200.0
TX001845,2025-11-14,P005,10,Receipt,PO26901,B2693,794.4597046589045
TX001846,2025-11-15,P004,-2,Issue,,,200.0
TX001847,2025-11-15,P002,-4,Issue,,,500.0
TX001848,2025-11-15,P005,-4,Issue,,,800.0
TX001849,2025-11-15,P002,-5,Issue,,,500.0
TX001850,2025-11-15,P002,-4,Issue,,,500.0
TX001851,2025-11-15,P002,21,Receipt,PO29692,B6687,484.2995272295283
TX001852,2025-11-17,P002,-1,Issue,,,500.0
TX001853,2025-11-17,P008,-5,Issue,,,150.0
TX001854,2025-11-17,P002,26,Receipt,PO95253,B4163,476.90111054803504
TX001855,2025-11-18,P001,-5,Issue,,,5000.0
TX001856,2025-11-18,P001,-4,Issue,,,5000.0
TX001857,2025-11-18,P005,-4,Issue,,,800.0
TX001858,2025-11-18,P005,-1,Issue,,,800.0
TX001859,2025-11-18,P005,-4,Issue,,,800.0
TX001860,2025-11-19,P005,-5,Issue,,,800.0
TX001861,2025-11-20,P008,-2,Issue,,,150.0
TX001862,2025-11-20,P002,-4,Issue,,,500.0
TX001863,2025-11-21,P002,-1,Issue,,,500.0
TX001864,2025-11-21,P003,-2,Issue,,,1500.0
TX001865,2025-11-22,P007,-3,Issue,,,3500.0
TX001866,2025-11-22,P002,-1,Issue,,,500.0
TX001867,2025-11-22,P007,-5,Issue,,,3500.0
TX001868,2025-11-24,P001,-4,Issue,,,5000.0
TX001869,2025-11-24,P003,-3,Issue,,,1500.0
TX001870,2025-11-24,P007,10,Receipt,PO67348,B5224,3514.8030745905826
TX001871,2025-11-25,P005,-1,Issue,,,800.0
TX001872,2025-11-25,P001,-4,Issue,,,5000.0
TX001873,2025-11-25,P001,-1,Issue,,,5000.0
TX001874,2025-11-25,P001,-4,Issue,,,5000.0
TX001875,2025-11-26,P003,-5,Issue,,,1500.0
TX001876,2025-11-26,P005,-2,Issue,,,800.0
TX001877,2025-11-26,P002,25,Receipt,PO43142,B4623,482.78732449325287
TX001878,2025-11-27,P001,-4,Issue,,,5000.0
TX001879,2025-11-27,P007,-1,Issue,,,3500.0
TX001880,2025-11-27,P001,-5,Issue,,,5000.0
TX001881,2025-11-28,P008,-3,Issue,,,150.0
TX001882,2025-11-28,P001,-2,Issue,,,5000.0
TX001883,2025-11-28,P001,-3,Issue,,,5000.0
TX001884,2025-11-29,P005,-2,Issue,,,800.0
TX001885,2025-11-29,P002,58,Receipt,PO18874,B2535,515.0699016040622
TX001886,2025-11-30,P004,-5,Issue,,,200.0
TX001887,2025-11-30,P007,-1,Issue,,,3500.0
TX001888,2025-11-30,P002,-2,Issue,,,500.0
TX001889,2025-11-30,P001,-2,Issue,,,5000.0
TX001890,2025-12-01,P001,-3,Issue,,,5000.0
TX001891,2025-12-01,P003,-4,Issue,,,1500.0
TX001892,2025-12-02,P001,-5,Issue,,,5000.0
TX001893,2025-12-03,P006,-1,Issue,,,1200.0
TX001894,2025-12-03,P004,-2,Issue,,,200.0
TX001895,2025-12-03,P006,-1,Issue,,,1200.0
TX001896,2025-12-03,P001,-4,Issue,,,5000.0
TX001897,2025-12-04,P005,-5,Issue,,,800.0
TX001898,2025-12-05,P001,-5,Issue,,,5000.0
TX001899,2025-12-05,P008,-3,Issue,,,150.0
TX001900,2025-12-05,P001,-3,Issue,,,5000.0
TX001901,2025-12-06,P002,-1,Issue,,,500.0
TX001902,2025-12-07,P006,-4,Issue,,,1200.0
TX001903,2025-12-07,P007,-4,Issue,,,3500.0
TX001904,2025-12-08,P008,-1,Issue,,,150.0
TX001905,2025-12-08,P005,-1,Issue,,,800.0
TX001906,2025-12-08,P007,-1,Issue,,,3500.0
TX001907,2025-12-08,P004,-5,Issue,,,200.0
TX001908,2025-12-08,P005,-5,Issue,,,800.0
TX001909,2025-12-10,P006,-1,Issue,,,1200.0
TX001910,2025-12-10,P002,-3,Issue,,,500.0
TX001911,2025-12-10,P002,-1,Issue,,,500.0
TX001912,2025-12-10,P008,-5,Issue,,,150.0
TX001913,2025-12-10,P006,-5,Issue,,,1200.0
TX001914,2025-12-11,P005,-1,Issue,,,800.0
TX001915,2025-12-12,P006,-2,Issue,,,1200.0
TX001916,2025-12-12,P001,-3,Issue,,,5000.0
TX001917,2025-12-12,P004,-4,Issue,,,200.0
TX001918,2025-12-12,P001,-3,Issue,,,5000.0
TX001919,2025-12-12,P008,-2,Issue,,,150.0
TX001920,2025-12-13,P005,-4,Issue,,,800.0
TX001921,2025-12-14,P006,-1,Issue,,,1200.0
TX001922,2025-12-14,P005,-4,Issue,,,800.0
TX001923,2025-12-14,P004,-1,Issue,,,200.0
TX001924,2025-12-14,P005,-1,Issue,,,800.0
TX001925,2025-12-15,P008,-4,Issue,,,150.0
TX001926,2025-12-16,P005,-3,Issue,,,800.0
TX001927,2025-12-16,P004,-3,Issue,,,200.0
TX001928,2025-12-17,P002,-4,Issue,,,500.0
TX001929,2025-12-17,P006,-4,Issue,,,1200.0
TX001930,2025-12-17,P003,-2,Issue,,,1500.0
TX001931,2025-12-17,P005,-2,Issue,,,800.0
TX001932,2025-12-17,P004,-4,Issue,,,200.0
TX001933,2025-12-18,P001,-4,Issue,,,5000.0
TX001934,2025-12-19,P003,13,Receipt,PO27637,B9757,1449.059385229454
TX001935,2025-12-20,P006,-5,Issue,,,1200.0
TX001936,2025-12-20,P004,-3,Issue,,,200.0
TX001937,2025-12-20,P001,-2,Issue,,,5000.0
TX001938,2025-12-20,P006,1,Receipt,PO93960,B9479,1181.8013006844385
TX001939,2025-12-21,P007,-2,Issue,,,3500.0
TX001940,2025-12-21,P005,-1,Issue,,,800.0
TX001941,2025-12-21,P007,-3,Issue,,,3500.0
TX001942,2025-12-21,P002,51,Receipt,PO22010,B5757,493.97437068729744
TX001943,2025-12-22,P001,-5,Issue,,,5000.0
TX001944,2025-12-22,P007,-4,Issue,,,3500.0
TX001945,2025-12-22,P007,-5,Issue,,,3500.0
TX001946,2025-12-22,P001,-2,Issue,,,5000.0
TX001947,2025-12-22,P002,-4,Issue,,,500.0
TX001948,2025-12-23,P003,-3,Issue,,,1500.0
TX001949,2025-12-23,P008,-3,Issue,,,150.0
TX001950,2025-12-23,P004,-2,Issue,,,200.0
TX001951,2025-12-23,P005,-3,Issue,,,800.0
TX001952,2025-12-24,P007,-1,Issue,,,3500.0
TX001953,2025-12-24,P004,-5,Issue,,,200.0
TX001954,2025-12-24,P008,-1,Issue,,,150.0
TX001955,2025-12-24,P008,-1,Issue,,,150.0
TX001956,2025-12-25,P006,-3,Issue,,,1200.0
TX001957,2025-12-25,P001,-2,Issue,,,5000.0
TX001958,2025-12-25,P004,-5,Issue,,,200.0
TX001959,2025-12-25,P006,-3,Issue,,,1200.0
TX001960,2025-12-26,P005,-2,Issue,,,800.0
TX001961,2025-12-27,P008,-5,Issue,,,150.0
TX001962,2025-12-27,P007,-3,Issue,,,3500.0
TX001963,2025-12-27,P006,3,Receipt,PO12226,B5637,1228.8118491167982
TX001964,2025-12-28,P006,-4,Issue,,,1200.0
TX001965,2025-12-29,P005,-4,Issue,,,800.0
TX001966,2025-12-29,P007,13,Receipt,PO93841,B2265,3405.950743080195
TX001967,2025-12-30,P007,-5,Issue,,,3500.0
